,0,1,2,3,4,5,6,7,8,9,10,11,12,13,14,15,16,17,18,19,20,21,22,23,24,25,26,27,28,29,30,31,32,33,34,35,36,37,38,39,40,41,42,43,44,45,46,47,48,49,50,51,52,53,54,55,56,57,58,59,60,61,62,63,64,65,66,67,68,69,70,71,72,73,74,75,76,77,78,79,80,81,82,83,84,85,86,87,88,89,90,91,92,93,94,95,96,97,98,99,100,101,102,103,104,105,106,107,108,109,110,111,112,113,114,115,116,117,118,119
0,1.0005865,1.0008825,1.0020006,1.00321,1.004376,1.0054891,1.006549,1.0075551,1.0085077,1.0094055,1.0102482,1.0110343,1.0117643,1.0124425,1.0130515,1.0135871,1.0140431,1.0144285,1.0147401,1.0149764,1.0151346,1.0152122,1.0152028,1.0151124,1.014934,1.014667,1.014311,1.0138652,1.0133283,1.0127008,1.0119822,1.0111734,1.0102731,1.0092804,1.0081925,1.0070015,1.0056876,1.0044074,1.0030217,1.0015173,0.9998903,0.9981532,0.9963025,0.99432945,0.99221784,0.98994887,0.9875035,0.98485976,0.9819907,0.97886914,0.9754684,0.97177494,0.96797955,0.96382886,0.9592664,0.95424855,0.94872886,0.9426594,0.93599004,0.92867243,0.9206694,0.91193515,0.9024242,0.89209026,0.8808857,0.8687575,0.8556632,0.8415608,0.82640433,0.8101222,0.792562,0.7733245,0.753052,0.7318949,0.70988804,0.6870863,0.66357654,0.63945454,0.6147487,0.5895102,0.56381154,0.5377391,0.51138824,0.48486257,0.4582703,0.431727,0.4053629,0.37929603,0.35364166,0.32851222,0.3040151,0.28025135,0.2573145,0.2352888,0.21424828,0.19425614,0.17536354,0.15760906,0.14101872,0.12560552,0.111369476,0.098297395,0.086362176,0.075520426,0.06572041,0.056944598,0.049150515,0.042277,0.036253564,0.031004898,0.026453493,0.022521492,0.019131597,0.01620592,0.01366119,0.011391832,0.009450021,0.007812826,0.0064654783,0.0053910874
1,0.99815816,0.9968876,0.9964545,0.9965278,0.99689496,0.99748665,0.9982401,0.9991053,1.0000418,1.001019,1.002012,1.0030018,1.0039713,1.0049036,1.0058045,1.0066694,1.0074974,1.0082742,1.0089958,1.0096601,1.0102646,1.0108055,1.0112801,1.0116854,1.0120184,1.0122757,1.0124549,1.012554,1.0125543,1.0124842,1.0123191,1.0120618,1.0117102,1.0112609,1.0107094,1.0100507,1.0092747,1.008365,1.0073568,1.0062277,1.0049235,1.0036905,1.0023488,1.0009046,0.99927694,0.99745685,0.9954374,0.9932045,0.9907076,0.9879195,0.98479104,0.98120254,0.9772654,0.9729382,0.96816885,0.9629064,0.9571001,0.9506983,0.94364434,0.93586296,0.92750865,0.91842276,0.90857315,0.89791304,0.8863898,0.8738317,0.86028814,0.8457393,0.83017486,0.81362325,0.7962108,0.7783361,0.7591931,0.738794,0.7172302,0.6946391,0.67128366,0.6478302,0.6234347,0.5981994,0.57228243,0.5458378,0.51901513,0.49195728,0.4647931,0.43761513,0.41079614,0.38433343,0.35834798,0.33296183,0.30828777,0.2844273,0.2614692,0.23948917,0.21854892,0.19869582,0.17996322,0.16237085,0.14592554,0.13062213,0.11644411,0.10336416,0.091342404,0.08031983,0.06993711,0.060698085,0.05251088,0.04526059,0.03884795,0.0331875,0.028204778,0.023834279,0.02001855,0.016709581,0.013874005,0.011516315,0.009502377,0.0077981264,0.006385817,0.005344691
2,0.999157,0.9982189,0.9981388,0.9982531,0.99851924,0.9989126,0.9994175,1.0000198,1.0007044,1.0014566,1.0022612,1.0031037,1.003972,1.0048554,1.0057449,1.0066302,1.0075014,1.0083488,1.0091628,1.0099363,1.0106608,1.011327,1.0119294,1.012464,1.0129262,1.0133097,1.0136094,1.0138215,1.0139405,1.0139627,1.0139092,1.0137447,1.0134761,1.0131015,1.0126171,1.012019,1.0113015,1.0104585,1.0094857,1.0083758,1.0071222,1.0057263,1.0041664,1.0024002,1.0004883,0.998429,0.99623686,0.9939927,0.9911308,0.9880331,0.9847167,0.981199,0.97721744,0.97272116,0.9676857,0.96208715,0.95589966,0.9491022,0.9416835,0.93364924,0.9250138,0.9157516,0.90611583,0.8958134,0.88430274,0.8718566,0.85847014,0.84412515,0.82881105,0.81253046,0.7953037,0.7771704,0.75812083,0.738146,0.71723986,0.69537425,0.6724148,0.6478647,0.6227625,0.597205,0.5712449,0.54495233,0.5184139,0.4917276,0.46499965,0.43834263,0.41188493,0.38574454,0.36003608,0.33487022,0.31035227,0.28657976,0.26364163,0.24161674,0.2205728,0.20056576,0.18163937,0.16382487,0.1471415,0.13159652,0.117185906,0.103895366,0.09170003,0.08056184,0.0704099,0.061204866,0.05291402,0.04549911,0.03891241,0.033100348,0.028003562,0.02356078,0.01971075,0.016403977,0.013590173,0.011218195,0.009232867,0.007588487,0.0062586693,0.0052579273
3,0.99891007,0.99863106,0.999066,0.9995726,1.0000255,1.0004568,1.0008929,1.0013536,1.0018504,1.0023855,1.0029573,1.0035602,1.0041862,1.0048234,1.0054569,1.0060737,1.0066586,1.0071961,1.0076708,1.0080665,1.0083699,1.008568,1.008655,1.0086405,1.0085114,1.0082448,1.0078498,1.0073339,1.006702,1.0059596,1.005114,1.0041698,1.0031334,1.0020107,1.0008049,0.99952024,0.9981575,0.9967167,0.99519587,0.9935911,0.99189734,0.9901073,0.9882109,0.9861962,0.98405623,0.9817817,0.97936344,0.9767914,0.97403556,0.97111034,0.9680567,0.96493506,0.960533,0.95570475,0.9504862,0.9448525,0.9387803,0.9322647,0.9253469,0.9181796,0.9111859,0.90267956,0.89302564,0.8826062,0.8713712,0.859273,0.84627354,0.83234155,0.81745464,0.8015994,0.7847718,0.7669781,0.74822944,0.7285421,0.7079364,0.68643135,0.6640425,0.6407857,0.6167599,0.5920742,0.56683767,0.5411605,0.5151561,0.48894075,0.4626326,0.43635184,0.4102197,0.38435668,0.35888067,0.33390525,0.30953828,0.2858806,0.26302442,0.24105233,0.22003631,0.20003696,0.18110287,0.1632703,0.14656332,0.13099438,0.11656582,0.103273176,0.091114394,0.080116056,0.0704143,0.061501175,0.053366154,0.046011884,0.039420318,0.033584,0.02843627,0.02391109,0.019892897,0.016497945,0.013645042,0.011254224,0.009259307,0.007608541,0.0062758494,0.0052751806
4,0.99597496,0.99420947,0.9931926,0.9924564,0.991874,0.99144673,0.9911814,0.9911045,0.9912138,0.99148035,0.9919006,0.9924602,0.9931358,0.9938976,0.99471015,0.99553466,0.99632996,0.9970563,0.997674,0.9981483,0.9984504,0.9985554,0.99847955,0.99817985,0.99766755,0.9969495,0.99603623,0.99494183,0.99368256,0.992275,0.99073684,0.9890845,0.98733294,0.9854959,0.9835853,0.98161006,0.9795784,0.9774944,0.97536063,0.9731768,0.9709396,0.968644,0.9662835,0.96385086,0.96133745,0.95873344,0.9560252,0.95321566,0.9503407,0.9475016,0.9449658,0.940521,0.93568826,0.9305856,0.9252089,0.919536,0.9135346,0.9071957,0.90056205,0.89377344,0.8871443,0.8788655,0.86973137,0.85977685,0.8489755,0.83729637,0.82471156,0.8111961,0.79673,0.7812999,0.76490116,0.7475366,0.72921836,0.7099668,0.6898107,0.66878784,0.6469426,0.6243292,0.60101527,0.577081,0.55261713,0.52772266,0.5025038,0.47707152,0.45154008,0.4260273,0.40065014,0.37552497,0.35076532,0.3264807,0.30277488,0.27974495,0.25748006,0.23606023,0.21555573,0.19602628,0.1775204,0.16007517,0.14371596,0.12845704,0.11430214,0.10124547,0.08927333,0.07836622,0.068496674,0.059599116,0.05161026,0.04447133,0.038126316,0.032522026,0.027607687,0.023345713,0.019743716,0.016574895,0.01381232,0.011428762,0.009404175,0.0076798527,0.0063083046,0.005294248
5,0.9952929,0.9922685,0.9898885,0.9879184,0.9862506,0.984898,0.98387873,0.9832062,0.98287904,0.9829239,0.98326004,0.983876,0.984724,0.98573434,0.98682237,0.9878936,0.98885804,0.989647,0.99018764,0.99043405,0.9903632,0.98995954,0.9892289,0.9881908,0.98687243,0.98530495,0.98352057,0.9815512,0.9794258,0.9771708,0.9748076,0.97235525,0.96982735,0.96723455,0.9645849,0.9618834,0.95913315,0.9563361,0.9534896,0.9505872,0.9476158,0.9445697,0.9414516,0.9382731,0.93503654,0.93173426,0.9282425,0.9246228,0.9210658,0.9177162,0.9124991,0.9070177,0.9014151,0.8956967,0.88986826,0.8839059,0.8776014,0.8709771,0.864169,0.85758513,0.8515949,0.84283036,0.83329815,0.8230957,0.8121802,0.8005085,0.7880421,0.7747477,0.7605993,0.7455785,0.7296742,0.71288437,0.6952161,0.67668563,0.65731937,0.6371534,0.61623347,0.59461534,0.57236445,0.54955554,0.52627224,0.50260633,0.4786552,0.454522,0.43031317,0.4061373,0.3821027,0.3583168,0.33488426,0.31190506,0.2894736,0.26767763,0.24659738,0.22630449,0.20686167,0.18832201,0.1707291,0.15411691,0.13850981,0.12392253,0.11036045,0.09781996,0.08628912,0.07574811,0.06616915,0.057515606,0.049743585,0.04280415,0.03664515,0.031212412,0.026451062,0.022306819,0.018726047,0.015645247,0.01300724,0.010762518,0.008870923,0.007307863,0.006015058,0.0050544306
6,0.9965803,0.99279344,0.98972785,0.9871432,0.9849071,0.98304397,0.98159474,0.9805991,0.98008853,0.9800813,0.98041177,0.9812136,0.98233336,0.98361635,0.9848692,0.98588365,0.98646927,0.9864303,0.985879,0.9847517,0.9830679,0.9809035,0.9783501,0.97549766,0.9724279,0.9692086,0.96589464,0.9625286,0.95914024,0.9557477,0.95236063,0.9489804,0.945603,0.9422186,0.93881327,0.93538,0.9319226,0.9284307,0.9248899,0.9212733,0.91744626,0.9134646,0.909411,0.9054547,0.90155894,0.8982092,0.89278954,0.88715875,0.8813567,0.8755362,0.86958337,0.86354333,0.8576095,0.85160136,0.8457987,0.84107274,0.83389646,0.82626384,0.818235,0.80961263,0.80067706,0.7912347,0.78123313,0.77064246,0.7594336,0.74757874,0.7350507,0.721826,0.70788425,0.69321007,0.67779404,0.6616329,0.64473087,0.6271007,0.6087634,0.5897492,0.5700973,0.5498561,0.52908283,0.5078436,0.48621243,0.4642703,0.4421048,0.41980797,0.39747542,0.37520486,0.35309386,0.3312388,0.3097333,0.28866667,0.2681221,0.24817598,0.22889711,0.2103456,0.19257274,0.17562072,0.1595228,0.14430338,0.12997875,0.11655738,0.10404063,0.092423454,0.08169507,0.0718396,0.06283634,0.054660074,0.047280904,0.04066476,0.034773454,0.029564591,0.024992185,0.02100763,0.01756061,0.014599791,0.01207445,0.009936372,0.008142089,0.006656672,0.005462954,0.004587949
7,0.99950695,0.99582416,0.99299943,0.9905857,0.98842883,0.98658204,0.9851275,0.98414814,0.9837223,0.9838014,0.98440456,0.9855604,0.98700625,0.98837185,0.98913145,0.9890417,0.98801893,0.98577845,0.98240066,0.9781872,0.97344637,0.9684137,0.96326053,0.9581028,0.9530142,0.9480378,0.9432005,0.9385037,0.93392897,0.9294505,0.9250396,0.92065614,0.91627246,0.9118582,0.9072737,0.9026132,0.8980636,0.8934911,0.8888659,0.8845654,0.87806076,0.8717893,0.86560804,0.8595313,0.8541306,0.8503694,0.8443098,0.8379253,0.8313532,0.8245967,0.81763184,0.81039923,0.80273,0.7949115,0.78697944,0.7789396,0.7706036,0.7619376,0.7529223,0.74353087,0.7337537,0.7235673,0.7129457,0.7018633,0.6902953,0.67821866,0.6656125,0.65245837,0.6387414,0.62445015,0.60957843,0.5941252,0.57809544,0.56150025,0.54435796,0.5266942,0.50854194,0.48994175,0.47094166,0.4515972,0.43197063,0.4121303,0.39215,0.3721081,0.35208642,0.33216858,0.31243894,0.29298133,0.27387732,0.25520468,0.23703623,0.2194384,0.20246994,0.1861815,0.17061459,0.15580124,0.14176397,0.12851596,0.11606162,0.10439735,0.09351245,0.08339063,0.074011356,0.065351926,0.057389338,0.050100744,0.043459356,0.037443597,0.032037392,0.027219864,0.022964288,0.019238451,0.016005654,0.013225867,0.010857204,0.008857638,0.007187249,0.0058120396,0.00471247,0.0039093676
8,1.0034391,1.0003481,0.9983146,0.9967067,0.9953143,0.9941797,0.99332774,0.99276984,0.99250495,0.99252325,0.99281657,0.9933736,0.9934007,0.9925755,0.9892562,0.98445916,0.97861856,0.97129476,0.963528,0.9558799,0.9485939,0.94173706,0.93527824,0.92913586,0.9232098,0.9174151,0.9119375,0.90649766,0.9010174,0.895474,0.8898948,0.8840506,0.8781379,0.8726365,0.8647212,0.85717154,0.85051376,0.8463374,0.83980304,0.8330916,0.8261422,0.8187482,0.81121546,0.8036055,0.7959876,0.7884096,0.7806921,0.7728074,0.764748,0.7565076,0.7480756,0.7394355,0.730568,0.72147495,0.7121601,0.70262104,0.6928423,0.68280554,0.6724942,0.6618916,0.6509829,0.6397536,0.62818986,0.6162795,0.6040102,0.59137225,0.5783572,0.5649594,0.55117565,0.53700596,0.5224535,0.5075257,0.49223372,0.47659388,0.46062672,0.44435748,0.42781657,0.4110392,0.39406514,0.3769389,0.35970896,0.34242755,0.32515025,0.3079354,0.29084274,0.2739334,0.25726908,0.2409106,0.22491731,0.20934635,0.19425136,0.17968184,0.16568218,0.15229085,0.13953972,0.12745334,0.11604853,0.105334,0.095310025,0.0859686,0.07729339,0.069260314,0.061838474,0.05499292,0.048694633,0.04293297,0.037582245,0.032598298,0.028016826,0.023858797,0.02013014,0.016825525,0.013931033,0.011425899,0.009284097,0.0074759996,0.005970623,0.0047393222,0.0037638224,0.0030603944
9,1.0094099,1.0079875,1.0076948,1.0078071,1.008275,1.0090492,1.0099216,1.0107139,1.0109774,1.0107175,1.0089071,1.004758,0.996763,0.9792147,0.9474579,0.9377197,0.92899895,0.92133933,0.9141247,0.90708226,0.9000412,0.89288133,0.8855105,0.87783104,0.86966187,0.86002696,0.8551328,0.84721345,0.83900654,0.8307203,0.8223383,0.8141172,0.80593866,0.7975356,0.78895956,0.7803093,0.77171075,0.7632829,0.75484586,0.74636906,0.7378283,0.7291945,0.72046494,0.7116441,0.7027398,0.69375765,0.68468934,0.6755225,0.6662458,0.65684754,0.6473156,0.6376378,0.62780267,0.6177998,0.60762054,0.59725696,0.5867012,0.5759459,0.5649825,0.55380386,0.54240364,0.5307758,0.51891583,0.5068205,0.49448815,0.48191926,0.4691159,0.45608258,0.44282594,0.42935547,0.41568312,0.40182415,0.3877962,0.37362042,0.35932034,0.344923,0.3304579,0.31595728,0.30145594,0.2869907,0.27259997,0.2583237,0.24420278,0.23027858,0.21659207,0.20318389,0.19009335,0.17735805,0.16501343,0.1530923,0.14162436,0.13063586,0.12014937,0.11018352,0.10075295,0.09186811,0.08353539,0.075757034,0.06853138,0.06185302,0.055712786,0.0500979,0.04499147,0.040368956,0.036173653,0.03302182,0.029655397,0.026233766,0.022823682,0.01951806,0.016412131,0.013582064,0.011075213,0.008909608,0.0070792767,0.005561763,0.004325707,0.0033379842,0.0025721006,0.0020272627
10,1.0169499,1.0191437,1.0215924,1.0244664,1.027371,1.0301822,1.0326895,1.0345206,1.0348567,1.0328124,1.0270524,1.0126089,0.97743034,0.9033609,0.7863328,0.81283,0.80322224,0.7887805,0.7756449,0.7641386,0.7536439,0.7436189,0.7337285,0.72377676,0.7136434,0.70333695,0.69480157,0.6854813,0.67585504,0.66612005,0.656362,0.646695,0.63706505,0.6273459,0.61754256,0.6077013,0.5978949,0.58817446,0.5784977,0.5688197,0.5591094,0.5493457,0.5395168,0.5296241,0.51967204,0.50966513,0.49960142,0.48947573,0.47928172,0.46901354,0.45866397,0.4482265,0.43769655,0.42707014,0.41634536,0.405523,0.39460436,0.3835928,0.37249178,0.36130688,0.35004506,0.33871415,0.3273243,0.31588703,0.30441624,0.29292667,0.28143537,0.26996008,0.25852022,0.24713698,0.2358314,0.22462621,0.21354397,0.20260827,0.19184215,0.18126836,0.1709095,0.1607873,0.15092301,0.14133592,0.13204448,0.123065405,0.11441386,0.10610296,0.098143995,0.09054619,0.08331666,0.076460265,0.06998006,0.06387673,0.05814881,0.052793156,0.04780438,0.043175526,0.03889791,0.034961246,0.031353917,0.028063137,0.025074884,0.022374379,0.019946363,0.017776942,0.015866205,0.0143079255,0.013792283,0.018709807,0.017813189,0.016058534,0.014006296,0.011937436,0.009980625,0.008198995,0.0066234586,0.0052650184,0.0041206083,0.0031772323,0.0024157,0.0018143374,0.0013533529,0.0010247006
11,1.0201952,1.0259517,1.0310118,1.0353224,1.0392448,1.0423882,1.0441809,1.0439594,1.0404809,1.031565,1.0137714,0.9828492,0.92981005,0.84219456,0.7247366,0.66143143,0.6170065,0.58536553,0.56324804,0.5471223,0.5342642,0.5229923,0.51241255,0.50210327,0.49191654,0.48193792,0.47259367,0.46319255,0.45369306,0.44415808,0.43464965,0.42521742,0.41584376,0.4064804,0.39712042,0.3877906,0.37852943,0.3693644,0.36028433,0.3512669,0.34229207,0.33334523,0.32442012,0.31551775,0.30664334,0.2978029,0.28900066,0.2802387,0.27151808,0.26283997,0.25420472,0.24561357,0.23706855,0.2285722,0.22012874,0.21174377,0.20342398,0.19517684,0.18701,0.1789319,0.1709512,0.16307703,0.15531915,0.14768757,0.14019221,0.13284364,0.1256524,0.11862871,0.111782335,0.10512332,0.09866075,0.09240327,0.086358614,0.080533855,0.07493498,0.06956707,0.06443421,0.059539177,0.05488376,0.05046863,0.04629331,0.04235619,0.03865468,0.03518508,0.03194283,0.028922396,0.026117526,0.02352123,0.021125874,0.018923307,0.016904913,0.015061722,0.013384506,0.011863877,0.010490332,0.009254367,0.008146535,0.0071575167,0.0062781647,0.0054996484,0.004813843,0.004215589,0.003715825,0.0034141543,0.0038674232,0.00800666,0.00784567,0.007178646,0.0062974542,0.0053620692,0.004459887,0.0036349536,0.002907341,0.0022835748,0.0017620064,0.001335899,0.0009955413,0.0007299534,0.00052853575,0.00038428098
12,1.0180464,1.0258709,1.0311905,1.0345031,1.0360773,1.0358564,1.0336773,1.0290893,1.0215176,1.0094967,0.99039376,0.95929414,0.90688795,0.8158149,0.66401625,0.54156625,0.465112,0.4167393,0.3866928,0.3673487,0.35363233,0.3426243,0.33284035,0.32360926,0.31468272,0.30603966,0.2977421,0.28957182,0.2814506,0.2733819,0.26539436,0.25751078,0.24972627,0.24202259,0.23439506,0.22685762,0.21943116,0.21213135,0.20495676,0.19789779,0.19094335,0.18408519,0.17731953,0.17064779,0.16407356,0.1576016,0.1512366,0.1449815,0.13883863,0.13281022,0.12689754,0.121102236,0.11542593,0.10987065,0.104438975,0.09913413,0.09395945,0.08891863,0.08401504,0.07925213,0.074633166,0.070161074,0.0658387,0.06166873,0.05765323,0.053794213,0.050093334,0.04655171,0.043169934,0.03994824,0.036886312,0.03398331,0.031237766,0.028647803,0.026210904,0.023924086,0.021783916,0.019786416,0.017927278,0.016201798,0.014604955,0.013131429,0.011775717,0.010532108,0.009394781,0.0083578285,0.007415347,0.0065614125,0.0057901894,0.005095922,0.0044729747,0.0039158897,0.0034193941,0.0029784187,0.002588134,0.002243947,0.0019415447,0.0016768285,0.0014459701,0.001245446,0.0010722254,0.00092500885,0.0008109078,0.0007770966,0.0010457676,0.0026177263,0.0026502083,0.0024446347,0.0021413842,0.0018147065,0.0014988065,0.0012108473,0.00095846737,0.00074388896,0.0005661803,0.0004225528,0.0003091844,0.00022180573,0.00015627847,0.000110270405
13,1.0113721,1.0180966,1.0223298,1.0252565,1.0271169,1.0276881,1.0267897,1.0238321,1.0178127,1.0070974,0.98852897,0.9559875,0.8976791,0.79386383,0.6143013,0.4542948,0.3563992,0.29586193,0.26013994,0.23890325,0.22525382,0.21524765,0.20689596,0.19930214,0.19211315,0.18522313,0.17859988,0.17215347,0.16583025,0.15961897,0.1535281,0.14756685,0.14173333,0.13601972,0.13042356,0.12495079,0.11961134,0.11441337,0.10935686,0.104437165,0.099648096,0.0949842,0.09044232,0.08602203,0.081724174,0.07755067,0.07350292,0.06958185,0.06578761,0.06212013,0.058578677,0.055162374,0.051870294,0.04870149,0.0456552,0.04273068,0.039927315,0.037244406,0.03468105,0.03223613,0.029908365,0.027696257,0.0255981,0.023611976,0.021735748,0.019967083,0.018303527,0.01674231,0.015280575,0.013915223,0.012643007,0.011460504,0.010364186,0.009350398,0.00841539,0.0075553264,0.006766346,0.006044551,0.005386063,0.0047870036,0.004243568,0.003752003,0.003308651,0.0029099537,0.0025524732,0.00223292,0.0019481558,0.0016951886,0.0014711679,0.0012733965,0.0010993549,0.00094667415,0.0008131723,0.0006968385,0.00059580896,0.0005083571,0.00043287742,0.00036794526,0.0003122775,0.00026473607,0.00022441022,0.00019109302,0.000167562,0.00016917824,0.00025766046,0.0006670478,0.00070607185,0.0006552923,0.0005710266,0.0004799181,0.00039285774,0.0003144652,0.00024651774,0.00018934037,0.00014245593,0.00010491985,7.547076e-05,5.2358537e-05,3.1507214e-05,3.0638086e-05
14,1.0079165,1.0138988,1.0176152,1.0206264,1.0232409,1.0252342,1.0262295,1.0256066,1.0221931,1.0138062,0.99622506,0.961471,0.89541227,0.7759503,0.57728684,0.4017525,0.29311842,0.22571295,0.18674672,0.16459088,0.15127952,0.14222203,0.13509774,0.12885545,0.12306779,0.11757993,0.11233116,0.10727022,0.1023634,0.09759757,0.09297184,0.08848749,0.08414227,0.07993116,0.07585145,0.07190424,0.06809281,0.064419426,0.06088335,0.057481468,0.05420933,0.05106252,0.048037615,0.045132484,0.04234577,0.03967652,0.03712365,0.034685597,0.032360688,0.030146737,0.02804126,0.026041705,0.024145363,0.02234946,0.020651318,0.019048259,0.017537583,0.01611658,0.01478247,0.013532347,0.012363277,0.0112722665,0.010256222,0.009312031,0.00843656,0.0076266383,0.0068790982,0.006190769,0.0055585066,0.004979173,0.004449674,0.003966951,0.0035280262,0.0031299705,0.0027699461,0.002445198,0.002153067,0.0018910039,0.0016565727,0.0014474458,0.0012614201,0.0010964077,0.0009504419,0.0008216729,0.00070838863,0.0006090486,0.0005222949,0.00044683786,0.0003814278,0.0003248596,0.00027597713,0.00023375728,0.00019743729,0.00016636221,0.00013990328,0.00011744696,9.8407116e-05,8.230109e-05,6.872292e-05,5.732405e-05,4.783782e-05,4.0231163e-05,3.5357007e-05,3.72992e-05,5.972615e-05,0.0001430516,0.00015801103,0.00014765577,0.00012901411,0.00010834909,8.845256e-05,7.051623e-05,5.499651e-05,4.1976484e-05,3.13245e-05,2.2753911e-05,1.5850614e-05,1.0804484e-05,6.5870913e-06,6.2780096e-06
15,1.0059711,1.0113915,1.0147356,1.0177286,1.0207517,1.0236348,1.0260286,1.0273083,1.0263599,1.0208353,1.0062734,0.97418636,0.9094107,0.7880963,0.5756689,0.39098653,0.27656162,0.2064069,0.16621469,0.14367774,0.13043539,0.1216729,0.11495309,0.10916821,0.103859834,0.09885264,0.09407718,0.08949482,0.08508158,0.08082514,0.07671972,0.072762065,0.068948045,0.06527277,0.06173249,0.05832533,0.055050593,0.05190733,0.048893217,0.046004683,0.04323795,0.04058933,0.038055494,0.03563365,0.03332149,0.031116948,0.029017719,0.027021552,0.025126016,0.02332841,0.02162605,0.020016083,0.018495671,0.017061923,0.01571201,0.014443118,0.013252409,0.01213708,0.011094298,0.010121199,0.009214925,0.008372614,0.007591363,0.0068683177,0.0062006004,0.005585377,0.0050198263,0.004501163,0.004026662,0.0035936306,0.0031994353,0.002841512,0.0025173742,0.0022246088,0.0019608913,0.0017239901,0.0015117628,0.0013221741,0.0011532884,0.0010032697,0.000870379,0.0007529662,0.00064945326,0.0005583325,0.00047823595,0.0004081337,0.0003474461,0.00029544882,0.0002511557,0.0002134019,0.00018085219,0.00015224698,0.00012743077,0.0001063768,8.8827415e-05,7.427173e-05,6.198702e-05,5.158851e-05,4.2835705e-05,3.5516547e-05,2.9452443e-05,2.458956e-05,2.1337388e-05,2.1655795e-05,3.130135e-05,6.068804e-05,8.166977e-05,8.466036e-05,7.8070174e-05,6.690308e-05,5.4670036e-05,4.3093543e-05,3.2970438e-05,2.454807e-05,1.7721028e-05,1.18652715e-05,9.5271e-06,6.648046e-06,4.3366613e-06,2.981522e-06
16,1.0041187,1.0086621,1.0114012,1.0141363,1.0172882,1.0207574,1.0242659,1.0272597,1.028696,1.0267904,1.0169234,0.99075174,0.9322817,0.8129056,0.5893988,0.41660476,0.30650184,0.23876368,0.1994789,0.1769444,0.1632525,0.15384993,0.14642787,0.13993308,0.13392499,0.12822998,0.12277812,0.117534496,0.11247791,0.107594974,0.10287644,0.09831529,0.0939049,0.08963878,0.085511655,0.081519455,0.077659175,0.07392785,0.07032248,0.066839725,0.06347642,0.06022932,0.057095595,0.054072637,0.051158298,0.04835059,0.04564743,0.043046888,0.040547125,0.038146023,0.0358418,0.033632457,0.03151614,0.029491035,0.027555333,0.025707327,0.02394528,0.022267442,0.020672143,0.019157568,0.017721942,0.016363483,0.015080273,0.013870395,0.012731839,0.011662552,0.010660397,0.00972318,0.008848649,0.008034491,0.0072783222,0.006577714,0.005930219,0.0053333305,0.0047845435,0.0042813336,0.0038211707,0.0034015449,0.0030199655,0.0026739654,0.002361086,0.0020788668,0.0018247686,0.0015961393,0.0013904508,0.0012062128,0.0010439625,0.00090314844,0.00078184763,0.0006771775,0.0005849993,0.0005005286,0.00042517562,0.0003603116,0.00030591915,0.00026062585,0.0002214641,0.00018751276,0.00015835313,0.00013351133,0.00011250689,9.509643e-05,8.213456e-05,7.895924e-05,0.00010635184,0.0002356991,0.00031516637,0.00032354382,0.0002971654,0.00025311112,0.00020515533,0.00016028412,0.00012153765,8.975953e-05,6.46633e-05,4.54483e-05,3.1282016e-05,2.0758487e-05,1.20378245e-05,1.04193705e-05
17,1.0023026,1.0053028,1.0068623,1.0088252,1.0116612,1.0154017,1.0199292,1.0248783,1.0293554,1.031626,1.0282873,1.009959,0.9590614,0.8428576,0.6225125,0.48379305,0.39059493,0.33140454,0.29539394,0.27322805,0.25848272,0.2474141,0.23810703,0.22967869,0.2217527,0.21417472,0.20687792,0.19982664,0.19299704,0.1863711,0.17993449,0.17367452,0.16758066,0.1616427,0.15585268,0.1502037,0.14469056,0.13930787,0.13405164,0.128918,0.12390335,0.11900432,0.1142184,0.10954298,0.10497596,0.10051551,0.09615998,0.09190804,0.0877585,0.08371021,0.079762585,0.075914785,0.07216662,0.06851781,0.064968415,0.06151872,0.058169033,0.054919843,0.051771805,0.048725545,0.0457818,0.04294128,0.040204708,0.037572626,0.035045546,0.03262379,0.030307526,0.028096715,0.025991116,0.02399023,0.02209324,0.020299047,0.018606389,0.017013542,0.015518623,0.014119412,0.012813388,0.011597837,0.010469747,0.009425885,0.00846271,0.007576319,0.006762129,0.00601458,0.00532754,0.0046981024,0.0041337525,0.0036358987,0.0032002514,0.0028188715,0.0024771483,0.00215159,0.0018550928,0.0015963664,0.0013772261,0.0011935899,0.0010304134,0.0008859808,0.0007598104,0.000650532,0.00055648334,0.0004765558,0.000412885,0.00038320958,0.00047206183,0.0010475429,0.0013225892,0.0013086031,0.0011749102,0.0009901443,0.00080039725,0.00062755134,0.00047985403,0.0003587813,0.00026260954,0.00018823157,0.00013210783,9.0742935e-05,6.10272e-05,4.0824187e-05
18,1.0020996,1.0041361,1.0050617,1.0062468,1.008221,1.0112866,1.015692,1.0215454,1.028635,1.0354862,1.0393742,1.0330582,0.995795,0.8887862,0.6824313,0.6020089,0.5388733,0.4941015,0.46360502,0.44225276,0.42605707,0.41257083,0.40050477,0.3892476,0.37852776,0.3682219,0.3582668,0.34862238,0.33925718,0.33014375,0.32125878,0.31258175,0.3040946,0.29578212,0.28763026,0.2796285,0.27176717,0.26403764,0.25643328,0.24894825,0.24157637,0.234313,0.22715355,0.22009403,0.21313047,0.20625964,0.19947831,0.19278404,0.18617447,0.17964716,0.17320094,0.16683477,0.16054812,0.15434076,0.14821348,0.14216724,0.1362039,0.13032559,0.12453521,0.11883611,0.11323207,0.10772747,0.10232718,0.09703612,0.09185956,0.086802825,0.081871696,0.0770716,0.072408184,0.06788672,0.063512266,0.059289698,0.055223253,0.05131683,0.04757373,0.043996587,0.04058737,0.03734736,0.03427703,0.03137607,0.028643146,0.026075523,0.023668122,0.021411521,0.019290976,0.01729817,0.015478684,0.0138458675,0.012393211,0.011104332,0.009934434,0.008759159,0.0076683955,0.006704105,0.005879433,0.0051885503,0.0045515713,0.003975745,0.0034641523,0.0030134544,0.002618558,0.0022751216,0.001985556,0.0017907943,0.001933953,0.0037193324,0.0042687547,0.0040410478,0.0035282755,0.002935481,0.002368389,0.001867604,0.0014444418,0.0010975112,0.0008198565,0.00060229923,0.00043518213,0.00030937121,0.00021690845,0.00015206372
19,1.0024816,1.0064975,1.0097748,1.0120304,1.0137479,1.0154816,1.0178254,1.0214211,1.0263302,1.0330023,1.0398229,1.043953,1.0339024,0.962279,0.7772549,0.7885941,0.7628649,0.7352574,0.7115763,0.69147086,0.6737722,0.6575993,0.6424395,0.6280266,0.61421967,0.6009345,0.5881101,0.57569635,0.5636486,0.55192673,0.54049313,0.52931696,0.51837,0.5076282,0.4970711,0.486683,0.4764478,0.46635306,0.45638868,0.446544,0.4368099,0.42717808,0.4176405,0.4081891,0.39881566,0.38951254,0.38027176,0.37108636,0.3619478,0.35284868,0.34378293,0.33474305,0.3257235,0.31671774,0.30772203,0.29873195,0.28974462,0.28075844,0.27177227,0.26278663,0.2538031,0.24482505,0.23585713,0.22690517,0.21797621,0.20907903,0.20022403,0.19142218,0.18268615,0.17402944,0.16546683,0.15701354,0.14868529,0.14049867,0.1324701,0.12461633,0.1169533,0.109496996,0.102262385,0.095263496,0.08851292,0.08202078,0.07579182,0.0698175,0.06406182,0.05847123,0.053270765,0.04851426,0.044203263,0.040330667,0.036814064,0.032957446,0.029328797,0.026078347,0.02326969,0.020955589,0.018691892,0.016603295,0.0147148585,0.0130199725,0.011506188,0.010160369,0.008974899,0.007986522,0.007535816,0.009938927,0.010120795,0.009112666,0.0077344426,0.0063864617,0.0051736315,0.004124138,0.0032389327,0.0025076093,0.0019145512,0.0014419947,0.0010719147,0.00078744977,0.0005743858,0.0004247989
20,0.99713385,1.0040835,1.0116323,1.017902,1.022537,1.0255793,1.0272152,1.0277658,1.0279144,1.0284346,1.02959,1.0306758,1.0292386,1.016496,0.9719778,0.95177275,0.9370581,0.92209697,0.90675974,0.8913624,0.8761283,0.86119103,0.846622,0.83245355,0.81869096,0.8053212,0.7923206,0.7796577,0.7672983,0.7552088,0.74335676,0.7317133,0.72025347,0.7089563,0.69780385,0.6867825,0.67588085,0.66508967,0.6544015,0.6438098,0.63330865,0.62289226,0.61255425,0.60228807,0.5920867,0.58194244,0.57184637,0.56178904,0.55175996,0.5417485,0.53174365,0.5217329,0.5117043,0.5016456,0.49154374,0.4813862,0.4711608,0.46085545,0.45045877,0.43996036,0.4293507,0.41862112,0.40776494,0.3967769,0.38565338,0.37439334,0.36299783,0.3514701,0.33981636,0.32804564,0.31616962,0.3042029,0.29216325,0.28007075,0.26794875,0.25582275,0.24372083,0.23167297,0.21971072,0.20786735,0.19617675,0.1846725,0.17338376,0.16232051,0.15142173,0.14037602,0.12994932,0.12022349,0.11123269,0.10306198,0.0959455,0.08689946,0.0784183,0.070712306,0.0639476,0.05865368,0.05295708,0.047635645,0.042739898,0.038258646,0.034174614,0.030466583,0.027106911,0.02405274,0.021212706,0.018765189,0.016565287,0.01438328,0.012265375,0.010277108,0.008467631,0.006867442,0.005488506,0.004327279,0.0033691155,0.002592807,0.0019745047,0.0014910484,0.0011236453,0.0008660959
21,0.98109186,0.98061734,0.9836186,0.9886022,0.9941173,0.999665,1.0049791,1.0099521,1.0145574,1.0186859,1.0225794,1.0257741,1.02727,1.0255334,1.0187063,1.0091237,0.999317,0.98955685,0.97966594,0.96949387,0.9589769,0.94812167,0.9369853,0.9256528,0.9142182,0.90277296,0.89139676,0.8801545,0.8690924,0.85824025,0.8476108,0.8372034,0.82700616,0.8169993,0.80715704,0.7974512,0.7878523,0.77833164,0.768863,0.75942254,0.7499894,0.74054617,0.73107815,0.7215737,0.71202374,0.7024202,0.6927566,0.68302745,0.67322713,0.66334933,0.65338755,0.64333403,0.6331799,0.6229148,0.612527,0.60200375,0.59133077,0.580493,0.56947464,0.5582599,0.5468326,0.53517723,0.52327925,0.5111259,0.49870598,0.48601085,0.47303534,0.45977685,0.44623733,0.43242264,0.41834304,0.40401366,0.38945448,0.3746903,0.3597506,0.34466982,0.32948637,0.31424272,0.29898578,0.2837661,0.26864067,0.25367773,0.23897344,0.2246953,0.21121088,0.19627312,0.182069,0.16875985,0.15634796,0.1450392,0.13315323,0.12193873,0.111262105,0.10116717,0.09170589,0.08291201,0.07470416,0.06706115,0.05996789,0.053405993,0.047353964,0.0417878,0.036682054,0.032012578,0.027767068,0.023980813,0.020614062,0.017604226,0.014912421,0.012516701,0.010402433,0.008556692,0.0069651627,0.00561082,0.0044738534,0.0035324588,0.0027641994,0.0021481146,0.0016686557,0.0013266797
22,0.98107487,0.9731265,0.96804315,0.96638745,0.9673844,0.9707445,0.97563076,0.9814463,0.9877595,0.9941604,1.0003283,1.0059569,1.0106975,1.0141575,1.015744,1.0154597,1.0143118,1.0122755,1.0094578,1.0059149,1.0016121,0.9965148,0.99068314,0.9842072,0.97715604,0.9695846,0.9615578,0.9531517,0.94445264,0.93554795,0.9265219,0.917447,0.90838426,0.89938027,0.89046824,0.88166827,0.8729886,0.8644278,0.855975,0.84761274,0.8393181,0.8310657,0.82282716,0.8145731,0.806275,0.797905,0.7894357,0.78084195,0.77209985,0.76318806,0.7540861,0.74477524,0.7352373,0.7254553,0.7154123,0.7050925,0.6944792,0.6835562,0.67230743,0.6607167,0.6487681,0.6364468,0.6237382,0.61062914,0.597109,0.5831689,0.56880337,0.5540107,0.53879243,0.5231559,0.50711274,0.49068066,0.4738827,0.4567483,0.43931243,0.42161584,0.40370545,0.3856331,0.36745584,0.34923664,0.3310466,0.31297332,0.295143,0.2777898,0.25958022,0.24199952,0.22520357,0.20940803,0.19321796,0.17819105,0.16374831,0.14990146,0.13668911,0.12414537,0.11229853,0.10116789,0.09075873,0.08106899,0.07209082,0.06381117,0.056212254,0.049272258,0.042966116,0.03726666,0.03214633,0.027578175,0.023528118,0.019956604,0.016823424,0.014089937,0.011719678,0.009678325,0.007933379,0.006453901,0.005210426,0.0041751233,0.003322419,0.0026304428,0.0020847092,0.0016895122
23,0.99154705,0.9835435,0.9762179,0.97072405,0.96713215,0.96497893,0.9644067,0.96520334,0.9674247,0.9706765,0.9745877,0.9788773,0.9833044,0.9876363,0.9916701,0.9953097,0.9982047,1.0004078,1.0019798,1.0029663,1.0033852,1.0033714,1.0029546,1.0019681,1.0003335,0.99802035,0.9950044,0.99124587,0.98680127,0.9817492,0.97618604,0.9701741,0.9637774,0.95706105,0.95009315,0.94293857,0.935656,0.9282946,0.9208947,0.9134853,0.90608656,0.8987083,0.89135146,0.88400835,0.87666494,0.86930007,0.86188763,0.8543978,0.8467965,0.8390486,0.8311165,0.8229619,0.8145462,0.80583113,0.79677856,0.78735137,0.7775139,0.767232,0.756474,0.7452096,0.7334115,0.72105455,0.7081178,0.69458306,0.6804366,0.6656691,0.6502759,0.6342581,0.61762196,0.6003805,0.58255297,0.5641656,0.5452515,0.5258506,0.50601023,0.4857841,0.4652326,0.44442213,0.42342496,0.4023187,0.38118848,0.36013144,0.33926713,0.31776172,0.29679382,0.2765377,0.25722027,0.23939085,0.22101259,0.20322737,0.18616898,0.1698844,0.15440957,0.13977335,0.12599704,0.11309385,0.101068996,0.089919776,0.07963602,0.07019918,0.061585583,0.05376557,0.04670477,0.040365044,0.034705404,0.029682742,0.025251992,0.021366613,0.017979397,0.015043819,0.012514885,0.010349634,0.008507535,0.006950704,0.005644113,0.0045558396,0.0036576667,0.002926763,0.0023518237,0.0019291928
24,1.0010786,0.9951529,0.98883516,0.98281103,0.97722113,0.9725292,0.9688317,0.9661289,0.96435064,0.9633743,0.96330076,0.96384513,0.9651931,0.9671021,0.96939903,0.97196907,0.974683,0.97744566,0.98019147,0.9828908,0.98557204,0.9879905,0.9901274,0.99195033,0.9934107,0.9944524,0.9950031,0.9951926,0.99496204,0.99422157,0.9929135,0.99102205,0.9885394,0.9854571,0.9818294,0.9777181,0.9731861,0.9682797,0.9630447,0.95752716,0.9517716,0.945818,0.9396996,0.9334426,0.92706525,0.92057776,0.91398215,0.9072721,0.90043366,0.89344585,0.8862805,0.8789036,0.8712762,0.86335444,0.855092,0.84643835,0.8373434,0.8277545,0.8176208,0.8068923,0.7955216,0.7834642,0.7706804,0.757136,0.74280274,0.72766,0.7116941,0.6949007,0.67728424,0.6588593,0.63964933,0.6196887,0.5990213,0.5777009,0.55579054,0.53336227,0.5104962,0.48727906,0.46380365,0.4401696,0.41649172,0.392936,0.36986095,0.34604272,0.32268167,0.30003482,0.27842537,0.25854322,0.23802814,0.21823506,0.1993179,0.18132855,0.16430178,0.14826335,0.13323042,0.11921107,0.10620388,0.09419801,0.083173715,0.073104404,0.0639552,0.055686228,0.048253134,0.041607946,0.03570017,0.030477552,0.02588693,0.021875009,0.018389096,0.015377796,0.0127916755,0.010583761,0.008710009,0.0071296105,0.0058052368,0.0047031585,0.0037935397,0.003049066,0.0024511113,0.0020172172
25,1.0070643,1.0029547,0.99841535,0.9936939,0.9888519,0.9840659,0.97950053,0.9752755,0.97145104,0.9682303,0.9656488,0.963709,0.96221566,0.96121264,0.96073085,0.9607794,0.96126264,0.9622101,0.963544,0.96518004,0.9670716,0.9691599,0.97138655,0.97369885,0.97604567,0.97838384,0.98070025,0.9828146,0.98468363,0.98626494,0.9875125,0.98838276,0.98883754,0.98887223,0.9885773,0.9877979,0.98652875,0.9847592,0.98247844,0.97971576,0.9765056,0.9728774,0.9688545,0.9644599,0.9597159,0.95464224,0.9492549,0.9435654,0.9375778,0.93129057,0.924695,0.9177758,0.91051036,0.90287,0.8948195,0.88631886,0.87732315,0.8677841,0.8576506,0.8468708,0.83539325,0.82316726,0.81014514,0.79628485,0.7815491,0.7659084,0.74934167,0.7318375,0.7133949,0.6940246,0.6737502,0.65260786,0.6306455,0.6079231,0.5845133,0.5605002,0.5359765,0.5110416,0.48579422,0.46031928,0.43465066,0.40866998,0.38357583,0.3587133,0.3341713,0.31013638,0.2868393,0.26456663,0.2437563,0.22300261,0.20319824,0.18443623,0.16671093,0.15005518,0.13449144,0.12002683,0.10665623,0.09436216,0.08311625,0.072881594,0.06361461,0.055267587,0.047789443,0.041126195,0.035221722,0.030018687,0.025459481,0.02148708,0.0180457,0.015081061,0.012541273,0.0103776315,0.008545127,0.0070029083,0.005714935,0.0046485197,0.0037852114,0.003058733,0.0024568588,0.0020188969
26,1.0108539,1.0080141,1.004919,1.0015886,0.9979952,0.99419844,0.99028003,0.9863261,0.98241746,0.97864205,0.97506505,0.97170687,0.9687359,0.96616995,0.96402186,0.9623054,0.961036,0.9600907,0.95949274,0.95927554,0.95942616,0.9599424,0.96080214,0.9619928,0.96346813,0.965173,0.96706223,0.969082,0.9711794,0.97330225,0.9754012,0.9774307,0.97936225,0.9810752,0.9825346,0.98370034,0.9845351,0.9850034,0.9850871,0.98483896,0.98413664,0.9829695,0.9813151,0.9791612,0.976507,0.97335845,0.969714,0.96557003,0.9609216,0.9557618,0.95008147,0.9438687,0.9371082,0.92977935,0.9218587,0.91331786,0.9041257,0.89424723,0.8836452,0.8722806,0.86011434,0.8471079,0.8332247,0.8184326,0.80270386,0.78601736,0.76836145,0.74973017,0.73012793,0.70957047,0.6880856,0.6657138,0.6425092,0.61854255,0.59389734,0.5686666,0.54295325,0.5168676,0.49052376,0.46403304,0.43748206,0.41086707,0.38460082,0.35867766,0.33322394,0.3083722,0.28427497,0.26112536,0.2391925,0.21897224,0.1994557,0.18105187,0.1631182,0.14637098,0.13082796,0.116455294,0.103247054,0.09116123,0.08014652,0.07014525,0.06109548,0.052957986,0.045686834,0.039228607,0.03352537,0.028517332,0.024144974,0.02035074,0.017079374,0.014269974,0.01186751,0.009823349,0.008094856,0.006645029,0.005457692,0.00444818,0.0035635699,0.0028504392,0.0022910547,0.0018834481
27,1.0133708,1.011476,1.0094954,1.0073198,1.0048887,1.0022138,0.9993233,0.9962556,0.99305576,0.98977345,0.9864615,0.98316896,0.9799565,0.9768792,0.9739793,0.9712839,0.9687905,0.9666135,0.9647617,0.9632411,0.96205705,0.96121806,0.9607424,0.96052855,0.9606109,0.96096945,0.9616075,0.9625097,0.96365315,0.96500957,0.96655583,0.9682482,0.97003615,0.97186375,0.97368133,0.97544146,0.9771007,0.9786234,0.9799236,0.9809635,0.9817008,0.9820976,0.98207766,0.9816814,0.9808336,0.97948354,0.9775917,0.97512096,0.9720327,0.9682943,0.9638765,0.95874983,0.95288455,0.9462509,0.9388174,0.9305531,0.9214266,0.9114065,0.9004627,0.8885667,0.87569106,0.86181194,0.8469093,0.83096844,0.81397927,0.79593885,0.77685076,0.7567303,0.73560864,0.7135285,0.69054145,0.66671,0.6421084,0.6168176,0.5909297,0.5645473,0.537783,0.5107608,0.4836225,0.4565469,0.42981052,0.4039782,0.37750953,0.35082212,0.32479826,0.29956913,0.27523905,0.2519088,0.22968332,0.20866384,0.18889078,0.17050368,0.15387665,0.13827498,0.1236314,0.109816715,0.09744293,0.08609105,0.07569336,0.06616649,0.057306934,0.049434472,0.04248042,0.03635777,0.030987302,0.026297541,0.022225646,0.01872396,0.015785152,0.013227441,0.011015411,0.009121961,0.007524395,0.006129715,0.0049327556,0.0039578737,0.0031676267,0.0025333331,0.0020353666,0.0016715255
28,1.0151659,1.0143021,1.0135189,1.0125413,1.0113,1.0097973,1.008041,1.006049,1.0038432,1.0014513,0.9989037,0.99623483,0.9934831,0.990687,0.987886,0.9851174,0.9824143,0.979817,0.97736126,0.97507656,0.97298557,0.9710996,0.96940595,0.9679909,0.9668572,0.96600014,0.96541435,0.96508837,0.9650647,0.96525663,0.96570206,0.9663231,0.96711314,0.96805704,0.969127,0.97029114,0.97151214,0.97274965,0.97395915,0.97509557,0.9761092,0.97694397,0.9775462,0.9778421,0.97777146,0.9772964,0.97634625,0.97486556,0.9727999,0.97009695,0.96669513,0.9625337,0.95755297,0.95169646,0.9449099,0.9371428,0.9283476,0.9184822,0.90750736,0.8953911,0.8821075,0.8676384,0.8519732,0.83511055,0.8170589,0.79783803,0.7774789,0.7560253,0.73352563,0.7100411,0.68564445,0.6604197,0.63446057,0.60787237,0.5807676,0.5532667,0.52549833,0.49759725,0.46970484,0.44197273,0.4145685,0.38768008,0.36147442,0.33642757,0.3110405,0.28606418,0.26208442,0.23920408,0.21742898,0.19683428,0.17747606,0.15939987,0.14263323,0.12713112,0.11284336,0.09973054,0.087782644,0.07694877,0.06718387,0.058477096,0.05093598,0.04413877,0.03804127,0.032612324,0.02781224,0.023594832,0.019907959,0.016688025,0.013834112,0.011425445,0.00940417,0.007712955,0.006301731,0.005125109,0.00414793,0.0033426199,0.0026839916,0.0021509975,0.0017293503,0.001418938
29,1.0159363,1.0162828,1.0169109,1.0173157,1.0174146,1.0172571,1.0167899,1.0160457,1.015039,1.0137862,1.0123044,1.0106163,1.0087463,1.0067211,1.0045682,1.0023171,0.99999756,0.99763876,0.9952712,0.9929243,0.9906247,0.98839813,0.9862648,0.9842507,0.9823796,0.9806693,0.979134,0.97778267,0.97662264,0.9756472,0.97483534,0.97423494,0.9738334,0.9736117,0.9735534,0.9736478,0.97385013,0.9741334,0.97446936,0.9748285,0.97513694,0.9753566,0.9754401,0.97535527,0.9750108,0.9743619,0.9733446,0.9718911,0.9699309,0.96738154,0.9641693,0.96021986,0.95545876,0.9498121,0.943208,0.93557835,0.92685914,0.9169919,0.90592533,0.8936165,0.8800306,0.8651448,0.8489468,0.8314368,0.81262857,0.79254913,0.7712395,0.74875385,0.725161,0.7005425,0.67499304,0.64862037,0.62154186,0.59388435,0.5657815,0.53737324,0.50880367,0.480219,0.4517668,0.42359483,0.39584994,0.36868027,0.34223422,0.31667295,0.29214135,0.2691054,0.24617177,0.22461279,0.20329033,0.18325694,0.16455309,0.14718348,0.13109627,0.1162803,0.102707386,0.09033757,0.07912267,0.06900717,0.05993358,0.0518453,0.044681497,0.038354076,0.03278438,0.027902098,0.02364167,0.019941088,0.0167412,0.013985337,0.011621464,0.00960937,0.007908367,0.0064789243,0.005284249,0.0042908387,0.003468998,0.0027928706,0.0022402683,0.0017930674,0.0014389547,0.0011778069
30,1.0149819,1.0161554,1.0178113,1.0193001,1.0205297,1.0214988,1.0222056,1.0226492,1.0228242,1.0227488,1.0224203,1.0218588,1.0210842,1.0201098,1.0189523,1.0176278,1.0161544,1.0145521,1.012841,1.0110421,1.0091757,1.0072633,1.0053263,1.003385,1.00146,0.99957174,0.9977377,0.9959735,0.9942923,0.99270374,0.9912136,0.98983055,0.9885585,0.9873969,0.9863413,0.9853839,0.9845097,0.98369896,0.98292553,0.9821486,0.9813668,0.98054034,0.9796228,0.97856444,0.97731024,0.975801,0.97397405,0.9717635,0.96908706,0.9658718,0.9620414,0.95751774,0.95221955,0.94606537,0.93897486,0.93087107,0.92167956,0.9113334,0.89977163,0.8869429,0.8728062,0.8573317,0.84050405,0.82232136,0.8027974,0.7819612,0.7598593,0.7365531,0.71212125,0.68665683,0.6602676,0.6330746,0.6052098,0.576815,0.54803854,0.51903445,0.48995885,0.46096846,0.43221834,0.4038589,0.3760348,0.34888417,0.32253638,0.29711282,0.27272552,0.24947873,0.22740918,0.20669656,0.18770342,0.16940378,0.15170929,0.13554144,0.12002614,0.105860196,0.0930071,0.0814076,0.07096414,0.061587982,0.05321894,0.045792095,0.039236985,0.033479787,0.028447526,0.024069713,0.020279191,0.017012592,0.014210636,0.011818308,0.009785254,0.0080660675,0.0066196374,0.0054088267,0.004400325,0.003564493,0.002875221,0.0023097936,0.0018488256,0.0014765484,0.001182148,0.00096499245
31,1.0125458,1.0137479,1.0155245,1.0172365,1.0187912,1.0201776,1.0213897,1.0224211,1.0232614,1.0239452,1.0244669,1.0248194,1.0249978,1.0249835,1.0248101,1.0244716,1.023974,1.023324,1.022532,1.021606,1.0205505,1.0193795,1.018109,1.0167556,1.0153348,1.013865,1.0123595,1.0108296,1.009286,1.007738,1.0061929,1.0046571,1.0031345,1.001627,1.0001329,0.9986487,0.99716544,0.99567163,0.99415004,0.9925795,0.9909362,0.9891914,0.9873098,0.9852502,0.9829665,0.98040587,0.9775101,0.97421384,0.9704621,0.9661815,0.9612911,0.9557149,0.9493759,0.9421955,0.9340951,0.9249996,0.9148364,0.9035381,0.89104474,0.87730587,0.8622807,0.8459403,0.8282695,0.8092675,0.7889501,0.767349,0.7445128,0.72050714,0.6954142,0.669332,0.6423744,0.6146675,0.5863493,0.5575676,0.5284771,0.49923694,0.4700086,0.44095254,0.41222602,0.38398048,0.35635927,0.3294956,0.3035109,0.2785137,0.2545989,0.23184714,0.21032365,0.1900856,0.1711742,0.15355209,0.13720721,0.1222327,0.10884816,0.0962839,0.08445499,0.07399496,0.0644049,0.055510342,0.047650285,0.040760215,0.03473144,0.029468061,0.02489715,0.0209475,0.017551208,0.014644663,0.012168922,0.010069912,0.008298493,0.00681041,0.005566086,0.0045303665,0.003672233,0.0029644994,0.0023835204,0.0019089382,0.0015235287,0.0012133458,0.000968739,0.0007885161
32,1.009936,1.0105162,1.0115771,1.0127084,1.0138303,1.0149218,1.0159689,1.016964,1.0179117,1.0187689,1.0195287,1.0201871,1.0207394,1.0211812,1.0215106,1.021727,1.0218321,1.0218052,1.0216756,1.021436,1.0210826,1.020645,1.0201231,1.0195167,1.0188274,1.0180548,1.0172029,1.0162768,1.0152819,1.014222,1.0130999,1.0119171,1.0106738,1.0093671,1.0079917,1.0065413,1.0050075,1.0033787,1.0016384,0.9997664,0.99773824,0.9955254,0.993094,0.9904058,0.98741615,0.9840761,0.9803307,0.9761207,0.97138584,0.96606433,0.9600928,0.9533983,0.94590694,0.9375471,0.92824775,0.91794163,0.90656465,0.8940586,0.8803726,0.86546504,0.8493041,0.83186984,0.813156,0.7931706,0.77193636,0.74949247,0.72589374,0.70121145,0.6755322,0.6489582,0.6216054,0.59360147,0.5650855,0.53620446,0.5071118,0.47796467,0.4489214,0.42013866,0.3917688,0.3639573,0.33684054,0.31054324,0.2851767,0.2608381,0.23761077,0.21556707,0.19476593,0.17525114,0.15704955,0.14016917,0.12460424,0.11033962,0.09734718,0.08554134,0.07484791,0.06523843,0.056675952,0.049206395,0.042330336,0.03638625,0.031048622,0.026201848,0.02201891,0.018427683,0.015359888,0.012751611,0.010543933,0.008683626,0.007122963,0.005819465,0.0047355453,0.0038381768,0.0030985093,0.0024915051,0.0019955926,0.0015923511,0.0012663056,0.0010049731,0.00079964445,0.0006487711
33,1.0083877,1.0083556,1.0086119,1.0090191,1.0094867,1.0099941,1.0105269,1.0110729,1.0116222,1.0121626,1.0126829,1.0131742,1.0136288,1.0140396,1.0144014,1.0147102,1.0149617,1.015153,1.0152845,1.0153605,1.0153772,1.0153247,1.0152023,1.0150114,1.0147525,1.0144261,1.0140316,1.013569,1.0130377,1.0124351,1.011759,1.0110048,1.010167,1.0092379,1.0082059,1.007065,1.0057987,1.0043867,1.0028062,1.0010309,0.99903077,0.99677175,0.99421626,0.9913218,0.98804235,0.98432815,0.9801275,0.9753811,0.9700273,0.9640012,0.9572364,0.94966644,0.9412249,0.9318461,0.9214676,0.91003066,0.89748114,0.8837731,0.8688676,0.8527359,0.83536124,0.8167382,0.7968758,0.77579623,0.7535374,0.73015165,0.70570654,0.68028414,0.6539809,0.626906,0.59917986,0.5709345,0.54230833,0.5134474,0.48450142,0.45562175,0.4269591,0.3986609,0.37086862,0.3437148,0.31732035,0.29179075,0.26721475,0.24366508,0.22119744,0.1999193,0.17990892,0.1612139,0.14385957,0.12785643,0.11320056,0.09983267,0.087690204,0.07670908,0.06682404,0.05797114,0.050086465,0.04310473,0.0369387,0.031528868,0.02680768,0.022735085,0.019255405,0.016107013,0.013405965,0.011108971,0.009165603,0.0075297384,0.006159576,0.005017559,0.0040702536,0.0032881587,0.0026454576,0.0021197326,0.0016916825,0.001344849,0.0010654248,0.0008422709,0.0006675513,0.0005396356
34,1.0080868,1.0079459,1.008047,1.0082256,1.0084326,1.0086585,1.0088974,1.0091428,1.0093892,1.0096306,1.009862,1.0100794,1.010278,1.0104543,1.0106052,1.0107284,1.0108218,1.0108846,1.0109156,1.0109092,1.010872,1.0107998,1.0106908,1.0105432,1.0103565,1.0101292,1.0098583,1.0095414,1.009175,1.0087547,1.0082748,1.0077275,1.0071039,1.0063931,1.005584,1.004653,1.0035818,1.0023476,1.0009241,0.99928063,0.99738234,0.9951895,0.9926586,0.98974144,0.9863866,0.98253834,0.9781365,0.9731195,0.9674226,0.96097744,0.9537167,0.9455713,0.9364752,0.9263633,0.9151754,0.9028556,0.88935643,0.8746386,0.858674,0.8414457,0.8229505,0.80319774,0.7822123,0.7600345,0.73671836,0.71233344,0.6869636,0.66070676,0.6336729,0.6059834,0.5777692,0.5491689,0.5203267,0.4913908,0.4625102,0.43383282,0.40550345,0.37766024,0.35043216,0.32393336,0.2982564,0.27346018,0.24956362,0.22659785,0.20420426,0.1833945,0.164148,0.1463968,0.13010201,0.11529056,0.10218636,0.09012664,0.07908437,0.06905196,0.060002275,0.051893182,0.044672612,0.038282014,0.032658312,0.02773777,0.023457022,0.019754296,0.016565047,0.013808517,0.011527086,0.009575756,0.00791282,0.006505148,0.005321349,0.0043319957,0.0035100253,0.002830968,0.0022730108,0.0018169604,0.0014461272,0.001146182,0.0009050443,0.0007129218,0.00056286337,0.00045334006
35,1.0081787,1.0084317,1.0089556,1.0094806,1.0099634,1.0104028,1.0108004,1.0111562,1.0114712,1.0117462,1.0119815,1.0121778,1.0123351,1.0124539,1.0125351,1.0125785,1.0125843,1.012562,1.0125002,1.0124032,1.0122722,1.0121078,1.0119096,1.011677,1.0114094,1.0111052,1.0107616,1.0103769,1.0099466,1.0094658,1.0089281,1.0083252,1.007647,1.0068815,1.006013,1.0050237,1.0038929,1.002595,1.001102,0.99938226,0.9973997,0.99510807,0.9924589,0.989403,0.9858866,0.98185074,0.97723305,0.9719677,0.9659857,0.95921713,0.9515902,0.9430332,0.9334756,0.92284906,0.91108847,0.898135,0.8839423,0.8684754,0.8517124,0.8336451,0.814279,0.79363406,0.77174556,0.7486642,0.7244569,0.69920474,0.6730041,0.64596474,0.61820894,0.58986956,0.5610881,0.5320132,0.5027976,0.4735958,0.4445617,0.41584626,0.38759455,0.35994238,0.3330116,0.30689847,0.2816447,0.2571502,0.23288974,0.21102993,0.19133495,0.17268679,0.15512714,0.1387195,0.1234643,0.10927296,0.095850185,0.08377292,0.0729607,0.06330138,0.054697704,0.04706328,0.040318243,0.034387227,0.029198255,0.024682721,0.020776067,0.017420141,0.014569883,0.012214058,0.010186027,0.0084477505,0.0069684326,0.0057179877,0.0046678996,0.0037916454,0.0030649165,0.00246574,0.0019745184,0.0015739946,0.0012491602,0.0009871338,0.0007770654,0.00061016076,0.00048014612,0.00038546708
36,1.0076888,1.0083798,1.0094173,1.0104263,1.0113544,1.0122004,1.0129676,1.0136607,1.0142817,1.0148361,1.0153278,1.0157614,1.0161402,1.0164669,1.016744,1.0169729,1.0171556,1.0172924,1.0173833,1.0174279,1.017426,1.0173818,1.017286,1.0171391,1.0169405,1.0166879,1.016377,1.0160035,1.0155623,1.0150476,1.0144508,1.0137635,1.0129755,1.0120729,1.0110404,1.0098597,1.0085092,1.0069636,1.0051945,1.0031679,1.0008464,0.99819285,0.9951645,0.99170905,0.9877709,0.98329467,0.97821975,0.97248155,0.9660122,0.95874125,0.95059854,0.9415125,0.93141055,0.92021704,0.9078511,0.89423496,0.8793525,0.863194,0.8457542,0.8270333,0.8070418,0.7858023,0.76335037,0.73973596,0.7150245,0.6892968,0.6626483,0.6351885,0.60704005,0.5783371,0.54922366,0.51985127,0.4903764,0.46095842,0.43175673,0.4029276,0.37462243,0.34698546,0.32015297,0.29425696,0.26944277,0.2459287,0.2242165,0.20321819,0.1836127,0.16463354,0.14712794,0.1310643,0.11634971,0.10289695,0.090615526,0.07945475,0.069359176,0.060265973,0.052131668,0.044898834,0.038501553,0.032871287,0.027939823,0.02364101,0.019911971,0.016693857,0.013932512,0.011579261,0.009582083,0.007893466,0.00647179,0.0052806097,0.004287754,0.003464724,0.0027862864,0.0022301786,0.0017768707,0.0014093595,0.0011129829,0.000875242,0.00068566785,0.00053580874,0.00041960456,0.00033548102
37,1.0064355,1.0072594,1.0084615,1.0096372,1.0107311,1.0117433,1.0126833,1.0135602,1.0143833,1.015163,1.0159054,1.016614,1.017289,1.0179322,1.0185415,1.019114,1.019646,1.020133,1.0205702,1.0209528,1.0212749,1.0215319,1.0217178,1.0218269,1.02185,1.0217961,1.0216442,1.0213932,1.021036,1.0205665,1.0199785,1.0192634,1.0184106,1.0174074,1.0162392,1.014888,1.0133333,1.011551,1.009513,1.007187,1.004537,1.001522,0.9980945,0.9942023,0.9897907,0.98482907,0.9792556,0.97300386,0.9660072,0.9581981,0.94950736,0.9398646,0.92919385,0.91739744,0.90430677,0.88952255,0.8736921,0.8567913,0.83876735,0.81958526,0.79922974,0.77770424,0.7550292,0.7312429,0.7064001,0.6805718,0.653845,0.6263224,0.5981198,0.5693666,0.5402024,0.51077676,0.48124564,0.4517696,0.4225107,0.3936299,0.3652844,0.3376247,0.31079325,0.28492376,0.26014462,0.23658824,0.21440874,0.19378747,0.17530964,0.15840252,0.14216094,0.12697569,0.11278826,0.0996698,0.08765532,0.076700985,0.0667186,0.057489604,0.049364895,0.042252004,0.03604167,0.030635322,0.025944103,0.021887638,0.01839266,0.015392657,0.012827427,0.010642443,0.008787803,0.0072189416,0.0059004896,0.0047991867,0.0038844133,0.0031287724,0.0025080685,0.0020011074,0.0015894263,0.0012570338,0.0009901666,0.0007770927,0.0006079718,0.00047484305,0.00037195405,0.0002973229
38,1.0050328,1.0058756,1.0069062,1.0078682,1.0087937,1.0097207,1.0106629,1.0116187,1.0125782,1.0135227,1.0144341,1.0152992,1.0161064,1.0168461,1.017512,1.0180997,1.0186076,1.0190364,1.0193866,1.0196613,1.0198631,1.0199945,1.0200578,1.0200478,1.0199736,1.0198308,1.0196149,1.019317,1.0189158,1.0184307,1.0178531,1.017168,1.0163615,1.0154153,1.0143087,1.0130179,1.0115167,1.0097754,1.00776,1.0054333,1.0027522,0.9996665,0.99611497,0.99200624,0.98717576,0.98207325,0.9763057,0.9697896,0.9624653,0.95427316,0.9451547,0.935057,0.92393744,0.91178477,0.8986696,0.88490313,0.86976343,0.8532259,0.8353178,0.8160723,0.79552937,0.7737381,0.75075847,0.7266635,0.7015384,0.6754814,0.648603,0.6210244,0.592876,0.5642959,0.5354272,0.50641686,0.4774131,0.44856268,0.42000902,0.39189056,0.3643384,0.33747515,0.31141302,0.2862525,0.26207995,0.23896022,0.21691696,0.19586709,0.17543264,0.15659569,0.13930623,0.123476826,0.10904246,0.09602527,0.08461607,0.07420866,0.06481595,0.056593042,0.04910203,0.042333994,0.036283385,0.030924361,0.026216032,0.02211489,0.018564984,0.015511702,0.012900642,0.01067784,0.008786628,0.007153005,0.0058057187,0.0046986127,0.003789706,0.0030447291,0.0024356504,0.0019393762,0.0015367541,0.0012118014,0.0009511094,0.00074339256,0.0005791844,0.0004507313,0.000352293,0.00028134312
39,1.0036926,1.0045224,1.005826,1.0071702,1.0084499,1.009627,1.0106862,1.0116233,1.0124415,1.0131438,1.0137278,1.0142367,1.0146645,1.0150169,1.0152985,1.0155119,1.0156596,1.0157417,1.0157505,1.0157033,1.0155835,1.0153941,1.0151342,1.0148015,1.0143957,1.013915,1.0133595,1.012732,1.0120445,1.011264,1.010382,1.0093905,1.008279,1.0070351,1.0056427,1.004082,1.00233,1.0003598,0.99814063,0.9956366,0.9928066,0.989605,0.9859795,0.98187166,0.97722316,0.97200316,0.9661489,0.95959276,0.95226663,0.9441035,0.935039,0.925013,0.9139746,0.9018844,0.8887211,0.874475,0.8590869,0.84250754,0.8247069,0.80567294,0.7854123,0.7639495,0.74132705,0.71760464,0.69285893,0.6671828,0.6406834,0.6134816,0.5857093,0.5575073,0.52902377,0.50041014,0.47182015,0.4434056,0.41531488,0.38768956,0.36066297,0.33435732,0.30888283,0.2843355,0.26079598,0.23832767,0.2169736,0.19675319,0.17765975,0.15973783,0.14301763,0.12749836,0.11313663,0.09981342,0.087218694,0.075901404,0.06581385,0.056870595,0.04896127,0.04198451,0.0358504,0.030478235,0.025794182,0.021729974,0.018221611,0.015209351,0.012638061,0.010458624,0.00863224,0.0071436362,0.00587796,0.0048071467,0.00390879,0.0031608676,0.0025423975,0.002034066,0.0016185576,0.0012806753,0.0010073227,0.00078740146,0.0006116906,0.0004728252,0.00036565345,0.0002896116
