,0,1,2,3,4,5,6,7,8,9,10,11,12,13,14,15,16,17,18,19,20,21,22,23,24,25,26,27,28,29,30,31,32,33,34,35,36,37,38,39,40,41,42,43,44,45,46,47,48,49,50,51,52,53,54,55,56,57,58,59,60,61,62,63,64,65,66,67
0,315.591,315.527,315.453,315.376,315.283,315.185,315.083,314.975,314.859,314.73,314.56,314.41781026255376,314.19204621479105,314.0106491917134,313.8440068296325,313.67538649427297,313.517699871103,313.3558513598014,313.19114541579694,313.02655792879114,312.85107777948025,312.6720586579941,312.4884068322623,312.3003502446865,312.10664619135395,311.89028696612434,311.63097578209135,311.38696819425735,311.15806024749025,310.9151066764142,310.6635853457436,310.40356940955155,310.13190796627805,309.84497664059415,309.54448839041646,309.22489275671114,308.88342453432165,308.540679987566,308.1976867431722,307.851066750565,307.4964032317407,307.15515256915836,306.7779213836628,306.3962794750759,306.0071242008698,305.601,305.144,304.763,304.421,304.067,303.695,303.328,302.958,302.609,302.283,301.948,301.611,301.267,300.917,300.588,300.255,299.935,299.627,299.279,298.916,298.565,298.224,297.855
1,315.523,315.45379061527814,315.37777964211404,315.2931209377774,315.1988833541013,315.10044357391627,314.99640025714734,314.8858953581442,314.7631346065524,314.61569457080515,314.4355834055213,314.26517025300024,314.0718455226438,313.86941882215194,313.71290784737687,313.55679956708025,313.39614438661505,313.23228532616685,313.06475559063585,312.89338731815,312.71653234378925,312.53329142142616,312.3418240193812,312.14709987684,311.9401581077292,311.71529495325547,311.4879071028991,311.2565975769431,311.0187201545387,310.77322586479494,310.51879576253714,310.2572005114302,309.9814299393548,309.69131604978156,309.38249396143675,309.05526566300193,308.7158396350153,308.3722221637042,308.02440477391315,307.67162349420187,307.3054258149056,306.9323321008553,306.542398443596,306.1495442588806,305.7507273879143,305.3185234531399,304.8571240665502,304.49401345350805,304.1486819626789,303.7852302217235,303.40793036147886,303.0337158130052,302.6695460100773,302.3234092856819,301.9930224056175,301.6592902105789,301.32612402237436,300.97750183298575,300.6395945289236,300.31546163172897,299.9613643108559,299.6373883172676,299.3284815057659,299.00001340362064,298.6492413842609,298.2845695246348,297.89233748921794,297.571
2,315.447,315.3763787673428,315.2978525046622,315.2093756419616,315.1118013076158,315.01121449163827,314.9056350321785,314.79156829226247,314.6634070174707,314.5034053568703,314.31068252828555,314.12322299548345,313.92955531501036,313.73987333463526,313.5839100090327,313.4293984231896,313.27012019260684,313.10371032906596,312.9332887507302,312.7582061636653,312.5783804246887,312.39022964546064,312.1955552313029,312.0023761325983,311.79615334930145,311.58141071311013,311.357845221255,311.1205664603178,310.8769553205041,310.6257553353274,310.369854839016,310.10415662153736,309.82686503767445,309.53388033943355,309.2180117204632,308.88289977427644,308.5400246591804,308.19247536365486,307.84241375886967,307.482332687647,307.1039811278592,306.7071964079167,306.2986641593433,305.8893476983066,305.48301318250077,305.0643193295006,304.5786742526742,304.2121318556389,303.8687049974473,303.5002844204606,303.1088267994365,302.7279463420229,302.38304654466305,302.04762215751333,301.68520292862934,301.3590888204445,301.0162539397187,300.67372638847564,300.3688364761275,300.0395225831079,299.6854743857588,299.35032321768415,299.04602541465187,298.71958143348274,298.3778561991088,298.01062891521013,297.6140702763178,297.246
3,315.367,315.29547775711734,315.2139460685185,315.1228040650894,315.02221699989093,314.9182970469571,314.81001281307465,314.6937996463606,314.56022945395506,314.3894012182001,314.1847303524418,313.9860569880858,313.7913456343474,313.60225083695667,313.4497998688951,313.2949880079965,313.1350804539401,312.96955523705327,312.79807795499676,312.62171878876694,312.44063468110613,312.2528095543657,312.06437223341806,311.87093049260716,311.66823261729104,311.45396707954296,311.2240809954632,310.98098005181214,310.73160887592167,310.47660910095345,310.21452311173584,309.94607595826443,309.66536412003234,309.3700933978263,309.0468464891762,308.7035264974428,308.3538692194819,308.0004323258685,307.6460138854809,307.2809931978438,306.8838249859409,306.4616870794874,306.0276540982422,305.6097089610753,305.202266322324,304.80149815642454,304.29747974201905,303.9136829587593,303.5680746327326,303.2082524025807,302.814721738688,302.4256833181278,302.0890887594745,301.76017444898065,301.4047539391214,301.0693260145766,300.72998334068365,300.3912858416775,300.0830165413306,299.7502310032992,299.3862572080809,299.04539036547254,298.7414877728496,298.4141556795804,298.07702211508786,297.7146036932664,297.3208187325472,296.963
4,315.284,315.2088964690286,315.12594296339324,315.0308089573202,314.92845265578245,314.8208256935756,314.7093001286667,314.58962062925,314.44872362642974,314.2711872196225,314.0617532862195,313.8465863270466,313.6502899162564,313.46376532562795,313.30423780991794,313.15121868247746,312.9900612372141,312.82570605789704,312.6566282495575,312.48120504520585,312.3012073452944,312.1184773023443,311.93581838266823,311.7423858060191,311.5377072831631,311.32038891425975,311.0864575822703,310.83777883422636,310.58103985981825,310.31928489518566,310.05251337614993,309.77823117050616,309.4941943379511,309.1941327161968,308.8679908284091,308.51476340793806,308.15502630611707,307.7926876896503,307.4300849401715,307.0530409183952,306.63616190733484,306.1790476660716,305.73324817186415,305.31982059853283,304.9122225072301,304.5015950525406,304.01961549766673,303.618173563836,303.24691209271253,302.8891001858793,302.5222323324759,302.1353083190459,301.782057859257,301.45504320317906,301.1362225122797,300.8021529745413,300.45582842030956,300.1165244555731,299.782478784548,299.4530149434462,299.0478626268347,298.7122474118307,298.3839477306591,298.0742492941851,297.7452166054115,297.3791136398167,297.0861006576408,296.72
5,315.201,315.1196779989362,315.03156807633206,314.9321882999887,314.8261837087849,314.71552341555633,314.59845044681913,314.4761527446926,314.3316049261069,314.15055821685024,313.9293304895949,313.70465838001445,313.5012439760042,313.32099341155714,313.16497691829215,313.01175426501646,312.8531825045038,312.68850759832594,312.5215876747821,312.348415019615,312.1722023299199,311.9895229326138,311.8068693898319,311.60981400385265,311.4027378676361,311.17857748036005,310.93860069017376,310.686199682131,310.4226082900341,310.1555838631947,309.88342970943154,309.6043499455841,309.3142471110583,309.0108984125869,308.67595167756247,308.3124556429763,307.9413978769016,307.5674688810696,307.1881184527773,306.7909625220312,306.34513680493245,305.8790472802892,305.44112265239505,305.02999061621585,304.62339419584225,304.2079513975159,303.7176207084681,303.30991190425704,302.94205193911074,302.5824063962674,302.21678153443196,301.84419334428657,301.49194613484883,301.16400919592405,300.8452114484141,300.51255214659716,300.1685800132731,299.8356555061372,299.50429758792984,299.17279209543585,298.7660111453595,298.41785011724136,298.10425341874526,297.7900575564779,297.45528499871807,297.10599291603086,296.7988874874163,296.429
6,315.111,315.02652917832194,314.9309249870155,314.8287921659761,314.72159466127914,314.6068273673524,314.48384944643146,314.3564882879413,314.2121332943616,314.0217287298629,313.7904478119762,313.5523634295495,313.35660556899717,313.18022778112675,313.02617736773476,312.8759987512076,312.72088901491117,312.5585327082053,312.3886231158133,312.21833034328915,312.04595580107554,311.8635821755826,311.67484985996424,311.47483444938064,311.2600360796388,311.0307928995253,310.7835473428536,310.5240630095225,310.25750390089564,309.98552099892936,309.7090877195119,309.42429638755175,309.1345170066319,308.82140193949937,308.47831282337785,308.1080991152575,307.7211253863625,307.3290272676688,306.9311215005517,306.5056036365135,306.0554811330514,305.6068410560641,305.1702577441188,304.75426104830217,304.3383724451575,303.9092492019097,303.3886013088435,302.98662184552774,302.63106955045265,302.27697072255853,301.9265826642473,301.5524233136414,301.1951060347662,300.86886763585807,300.54067006229303,300.2092386963446,299.8844588964294,299.55180504234386,299.2027024673014,298.86484525029294,298.53414547095446,298.1727288819084,297.85758634844785,297.5325338462897,297.1752561021482,296.82839509477793,296.4701768616632,296.09
7,315.022,314.92836960065523,314.82797883892937,314.7233446337358,314.61334977508477,314.49591455024006,314.36842153309715,314.23290143354427,314.07908597307096,313.88275713873577,313.6440844318055,313.4044794212949,313.2141041766621,313.0463532070834,312.8945577245467,312.7458016505476,312.5925073882845,312.43078150309384,312.2625490808293,312.09233806976846,311.92052780134236,311.73522900734196,311.54355827639387,311.3376638319607,311.1180484500238,310.8800708951444,310.6261535525209,310.3627403080345,310.0907740850721,309.8168652114888,309.5356880327559,309.2477593235626,308.95066798073714,308.6287812566238,308.27799302043223,307.8963540768201,307.4972866185128,307.0876536344536,306.6687619361146,306.23546627041577,305.79420884573983,305.3523704533357,304.9153882045624,304.4849931253008,304.048098065019,303.598906752528,303.04422334103646,302.65982409779355,302.31095669844916,301.9709212512994,301.6189665409686,301.2496435920677,300.89528931730086,300.5792553932567,300.24853971831203,299.92799718464573,299.5974009088684,299.24845489270143,298.9011911238927,298.56868310847324,298.2370630312595,297.8798276157196,297.5543760388394,297.2144949609488,296.8637914631428,296.53647404988993,296.1752791156471,295.787
8,314.924,314.82863921706667,314.724007302645,314.6174580621811,314.50444364303934,314.38234599548764,314.2492383468346,314.10510352761435,313.9388301750585,313.73595450356504,313.49427103135895,313.26535884511674,313.0819748747016,312.9181582270857,312.7735841397097,312.6253659799528,312.47186369941534,312.31034462306167,312.1434877963563,311.97406453868973,311.79742007629784,311.6095049462506,311.4115209742793,311.2008684585379,310.9744472044363,310.7282745957491,310.4667584376729,310.1981068555686,309.9278185597353,309.65002055704775,309.3639967658241,309.07088549386214,308.76501773564377,308.4351232780918,308.06623263402196,307.67383621079654,307.2663938315578,306.8435840817934,306.4215649835547,305.98670930248943,305.54144009066016,305.1010493367397,304.65477440140086,304.2046788773883,303.74552335816423,303.1994822667369,302.7191352453402,302.34235150815607,302.00143586035085,301.65780548965216,301.3117360071837,300.94482831960187,300.61363293737054,300.2868453798336,299.96892647081745,299.6377972638529,299.28595010352177,298.94530704693807,298.613856563659,298.27795088914775,297.929452700204,297.5629090052614,297.189043120701,296.8561098958682,296.55201529836546,296.2162111884104,295.787526729702,295.451
9,314.841,314.7342362606037,314.6277674182237,314.5167730302053,314.3982929146494,314.2698376683743,314.12937885269866,313.98006591720787,313.8071852776233,313.59846354196856,313.35628903498326,313.13263554047666,312.9604019180897,312.799048421491,312.6557470523135,312.5107610039994,312.35561716556003,312.19373629675084,312.02679547031175,311.8549928932325,311.6765801586184,311.4841640463588,311.28101303862877,311.0650579249551,310.8301909532361,310.5758963004777,310.3085553137478,310.0353226655107,309.76215140529666,309.4800400592759,309.18952035689205,308.8880344821036,308.5747544265288,308.2323953156593,307.8531351562931,307.45078232645426,307.0322380017967,306.6046349309812,306.17721761252045,305.73825587286956,305.29074703133796,304.8408583250281,304.3808780174462,303.9143191292669,303.43665346423904,302.8648163798167,302.4081343524983,302.0509053830747,301.7022647067431,301.35981073389024,301.0141103631169,300.6604013312631,300.3159845923991,299.99121928243494,299.66280561197397,299.3153553022529,298.9675271664021,298.6482187304882,298.3127678211858,297.9712795015874,297.614795584066,297.2423834075502,296.86818358827315,296.47850702173304,296.1818706194128,295.8559422616472,295.44031852138465,295.112
10,314.748,314.6413375896848,314.53346699349885,314.4174693284959,314.2929556874872,314.1579709840038,314.010695291858,313.85163030267586,313.67020885499653,313.45966261576564,313.18074769241247,313.0071411281377,312.85549817756674,312.6870805236116,312.5496185293612,312.40276755252995,312.2471049572519,312.08365285711983,311.91530300040347,311.74251429756526,311.5584596369182,311.3600436753636,311.1501589787705,310.92694383887647,310.6852124473981,310.4237274633871,310.1507168411251,309.874576774665,309.59288227139143,309.3067809990538,309.01368342425894,308.7059397399466,308.3776676335439,308.02617080206625,307.63643213627347,307.2229258193086,306.79846002219983,306.3644510919728,305.9320153279498,305.48878060282374,305.03390914554393,304.5732455178187,304.0977911835068,303.6130772707106,303.12126009513736,302.5336269829922,302.1173265831459,301.75238853621033,301.40794633878767,301.0644597537237,300.6981632250827,300.34246699162566,300.0055771409121,299.67046959928945,299.336186008957,298.98197311526036,298.6400037082938,298.3139961429156,297.9914039263066,297.6405881388491,297.28703276397994,296.9125085270169,296.4828484132929,296.09944675784794,295.74219183510655,295.44449418017706,295.12990061109065,294.776
11,314.657,314.55089368635663,314.4394875294114,314.31665072861364,314.1880752773054,314.04774985883716,313.89242027390713,313.71120722296246,313.46815857608834,313.2605337886326,313.07263940837095,312.951319149064,312.72668513093873,312.58450508611713,312.44569172657117,312.2982694142877,312.14311916023763,311.97704374987563,311.80387596759846,311.6272383920516,311.43758980449144,311.2340421580781,311.0196620807269,310.7887724235011,310.53847280509837,310.27017432787653,309.99327648457114,309.711251539771,309.4267668251804,309.1350475370326,308.83671450310254,308.51934654972536,308.1828436467829,307.81889212171893,307.4180191060888,306.99334700986225,306.55969372600373,306.11617998798926,305.6800180897914,305.2320871973842,304.76805782747897,304.3026802577287,303.8096894419644,303.30283425169426,302.74520063724094,302.19881608607744,301.79422733359013,301.4352227654167,301.0903472529528,300.72209017059134,300.3641147689412,300.01750492309884,299.6739324140279,299.33666107318334,298.9898636137849,298.64172902752057,298.2900258618852,297.9454258278014,297.6133975184799,297.2654113671258,296.90562811638665,296.51060907110127,296.09097917807424,295.72624142834997,295.389987849571,295.06193262117023,294.75962261601546,294.455
12,314.57,314.46052584096606,314.33987286836987,314.21533078167795,314.08277845323346,313.9377567228126,313.7729476110147,313.56630323507363,313.34503281508654,313.16569531184797,312.9948745114154,312.7708237412608,312.6197212672824,312.4864900940604,312.3423019525436,312.1941189946543,312.0358863028681,311.85874748544757,311.6837545240239,311.5055360260438,311.3114756372391,311.10582409843647,310.88622445331623,310.64693629618995,310.3885223634466,310.11427656123425,309.83198697521584,309.5476117727623,309.2534014804727,308.9568300714839,308.6471826148189,308.3219891523537,307.9766457577096,307.60236515147216,307.190646690931,306.7507897870649,306.3064075697927,305.8555858021725,305.4070243830867,304.95964558371776,304.49528438809915,304.0141627262524,303.51568831713075,302.9841496232577,302.3226525585222,301.8651206534655,301.4722461874354,301.1186415982287,300.7451498539087,300.393828105096,300.0947163121824,299.74132808915033,299.34977527538985,299.00351009581533,298.64278575080056,298.28748273916557,297.9475511602067,297.5958392319592,297.23576441167484,296.88218438486257,296.5186363672832,296.1272819218528,295.72827990113706,295.36404163470405,295.1178090295193,294.79713167523965,294.4078997374841,294.119
13,314.481,314.3604264307708,314.23696740008114,314.1103994935806,313.9776118049196,313.83192321018316,313.66363812408235,313.454841768406,313.2439473447164,313.0656774316249,312.86688794170374,312.6647665246468,312.5249809037431,312.3848668734209,312.2361556978711,312.0870151478045,311.91794901911857,311.73830106280667,311.56580772943437,311.38306763846487,311.18547427793766,310.9731922161722,310.74596569390593,310.49665876508016,310.22965151941224,309.9528823172679,309.6660173037629,309.3741638315295,309.0738207907725,308.7685647536277,308.45278427232677,308.11905203234807,307.76513683958547,307.3811318197995,306.95546312827634,306.46047806517925,306.0211144224179,305.5257065620667,305.0991357493292,304.7226644625552,304.2251609622539,303.7227918373331,303.2019480313185,302.6272373277636,301.9800152333445,301.5484724721769,301.17016450112783,300.81558946614933,300.4574342678258,300.13807576815805,299.8323204506532,299.4730149946583,299.07393274177946,298.7069842775441,298.3416732711039,297.9486536425584,297.6084241895345,297.26152851873815,296.89637893493597,296.54758911001556,296.1779297782417,295.7883512602178,295.3802279484924,295.0074542129664,294.7614991543559,294.4329211394971,294.0413427189843,293.733
14,314.382,314.2550978250154,314.1251823379764,313.9992986931075,313.8702700349799,313.7254345474358,313.557975495445,313.34151049448644,313.1365794108642,312.95001403868014,312.7452968507866,312.56161961992325,312.4209957164996,312.27976692688605,312.12344468945275,311.96943891702733,311.8012487326341,311.62678240508507,311.4524236870225,311.2613939159335,311.0536765352306,310.8334284261713,310.59838511483554,310.33867530590175,310.06714138362054,309.7835858257858,309.4954040097295,309.19710755627517,308.89100044231236,308.58076646466026,308.2610073113951,307.9215536649587,307.55709425577646,307.1655086067977,306.7263578950516,306.2012192398675,305.70300844466664,305.2319038758478,304.82700880780243,304.4183013415315,304.0347163962974,303.43686615230826,302.88289175073095,302.21892711589203,301.656523764069,301.2409909425932,300.86637032641573,300.52414777822764,300.195731902571,299.8754180163624,299.5685221820005,299.1998176709982,298.8177857748988,298.4460265086203,298.07129829112284,297.68162446089747,297.2754910078038,296.9288529136513,296.59417139857914,296.23186803881185,295.8576838414915,295.45590528252757,295.03629385071525,294.65023077091155,294.28026049302804,293.9241771216121,293.60621240724004,293.312
15,314.289,314.1419725833648,313.9993136402564,313.87847458098366,313.75536856460155,313.6145802594545,313.44753324343884,313.2307131159437,313.0220787458156,312.8261248975383,312.62062812713873,312.44873262431173,312.3117820962132,312.17065179567294,312.0168871549933,311.8571442562186,311.69338483694634,311.5191622288228,311.336992385923,311.14026946044623,310.92363423097265,310.6926644755396,310.4462755333313,310.18038201787016,309.90058294857823,309.6120280782941,309.31841218292726,309.01748638429183,308.70705702983634,308.3965346677473,308.07207704547085,307.7255838611633,307.3552073451741,306.95320744724523,306.5067551749207,305.9919539215521,305.495565708824,305.0200163422393,304.61696033722956,304.2054072322914,303.768222201335,303.1432689514525,302.57866637517026,301.8563946291971,301.34211010361776,300.9400931908038,300.5812523176272,300.26304272110076,299.9346149982681,299.6241526675839,299.3112469875543,298.95321669964125,298.5665803207109,298.19262946226763,297.8185165286894,297.43082339379475,297.0243634573791,296.6405571271478,296.2968397784046,295.89771516249533,295.5148694456441,295.1032673409788,294.6582843930387,294.29486732254185,293.9028897072295,293.5346561525491,293.1778001639631,292.875
16,314.19,314.01919244184904,313.8437614919374,313.7412964419071,313.63339328831086,313.49863861150453,313.3384570039039,313.1078877100808,312.89159464169427,312.68459195676166,312.49459916584664,312.3307053648092,312.193204196058,312.0572181298929,311.9040030068932,311.74597313307544,311.57852882729367,311.4036077137021,311.2149174936987,311.00887437274093,310.7886624305108,310.54784755725103,310.29153839791536,310.0142039895544,309.7316192270873,309.4378546456103,309.1425915439527,308.83916285186984,308.5308124852998,308.21637322091385,307.884429508051,307.5316163785346,307.1519483396112,306.7415192215875,306.2908935016725,305.82461339172335,305.3408932961279,304.8476854822984,304.40885491378066,303.96781412850817,303.3864088337927,302.8444296798972,302.27363273347544,301.60620112092613,301.0136175530066,300.6514041425573,300.24968296297885,299.94848205276185,299.69558118492915,299.3813430393863,299.06662325115445,298.7042411333585,298.3212080701378,297.9484148554581,297.54883053486185,297.15417612349574,296.7777716621894,296.37992062335553,295.9882536976756,295.5801514666531,295.1203379650106,294.693103134356,294.27989554776724,293.89413113383114,293.50325546719154,293.11640589785287,292.76213684502534,292.433
17,314.11,313.9016382037113,313.64671132678035,313.59688894389467,313.50833598699165,313.3763911093248,313.1970972001334,312.89449072509,312.66556011084964,312.50045126981456,312.3317063333946,312.21468686662524,312.08299206060667,311.9440854860261,311.7927668603874,311.6340422530643,311.4671372574061,311.28404280879454,311.08718574044167,310.8730734867832,310.64477281827527,310.3983175553504,310.13067955417796,309.84373176865955,309.55202702396514,309.25854854099106,308.9654308466132,308.6669776401452,308.35681623225736,308.03756053024216,307.69819914627925,307.3351376793188,306.9439958695898,306.52543189922494,306.0660560281585,305.57756607650333,305.0887372239549,304.61126209068675,304.1183715739657,303.5824940012903,303.06620966624394,302.52736007985544,301.9544255130611,301.29001866970896,300.7429779632125,300.3462554276793,299.9615027547843,299.6909667195466,299.4364531119756,299.1312958723251,298.8106217748551,298.44664021118774,298.0656836118038,297.70423586763087,297.2913288589101,296.8848854182542,296.4948591543982,296.1026472983543,295.69789574849625,295.2611275720043,294.79536435432254,294.36712246568686,293.93285736143304,293.52475959366774,293.1382750996796,292.7007386749419,292.35303758919997,291.984
18,314.051,313.84567029648537,313.6161389508256,313.51499258364106,313.3981192117187,313.2489739538445,313.0614246540614,312.6675153690747,312.45771751171213,312.3295999794359,312.2165892517269,312.0985290120399,311.9682733498921,311.8303648756986,311.6914903497756,311.533340438817,311.3561991648934,311.16352598213274,310.94971523825933,310.727232539446,310.4930617138321,310.23936473255884,309.9636330406653,309.6653172422496,309.3679507645647,309.0763385343818,308.78928824176495,308.49538716823673,308.18833859857125,307.8610150474881,307.51010600983034,307.1327746006189,306.73297295550634,306.30441956342645,305.8338373702059,305.32899552242424,304.8195454580502,304.308121758552,303.7885244136862,303.26266525064653,302.72989939545494,302.1820669764515,301.5463261198563,300.8998864327332,300.4711576569689,300.08466258979456,299.75519189701265,299.4704886725547,299.18849771490477,298.8747112832481,298.5311535300593,298.1751663388432,297.80678815300035,297.4258667295698,297.03401265291853,296.6107231101774,296.20097563065576,295.7956139481423,295.3849997842393,294.9368714169745,294.4889103022493,294.0447559863953,293.6092870552996,293.19382964169307,292.74039775176055,292.30984848874783,291.9062174162858,291.556
19,313.976,313.77883640738185,313.5742864729325,313.4417521829367,313.29364615593056,313.1009006887611,312.86911607505897,312.5274661378513,312.3426874996666,312.22206324905136,312.1079670568583,311.98791123500126,311.8577879914524,311.7177317418147,311.5771766069294,311.4113403209168,311.22418019847953,311.0232769023216,310.79746396259134,310.569092234664,310.33320684843846,310.07563188915066,309.79245118995317,309.4849303030046,309.18201528243446,308.89304598559926,308.6148211066899,308.32932589131985,308.02681578944646,307.6891828369532,307.31367469141884,306.92562493007773,306.5155528578468,306.0744900240419,305.5838714978228,305.0629402037462,304.535527167598,304.0050447217007,303.46798187850607,302.9253234568316,302.3788088377074,301.78004861878946,301.10136922721625,300.59640715008175,300.18858354295503,299.85913532828334,299.5199891611595,299.21144928597147,298.9154308632876,298.5579655594527,298.2162296177488,297.9002184137647,297.5165186195055,297.1185065883197,296.70905385043164,296.28508970257485,295.8578941635102,295.4426045223242,295.02221347378907,294.57118787471603,294.10882893998127,293.6518141229814,293.2049691376418,292.7699236545442,292.32027696775515,291.8947650826717,291.49316189499115,291.11
20,313.8875077748601,313.6996313219915,313.5193331647011,313.3587678826442,313.17388104710795,312.9616177778797,312.6487238984131,312.3865752655212,312.22260145921877,312.1101678534873,311.99654571675944,311.87695547617784,311.74666204211303,311.6030610610353,311.446763558151,311.2680651208327,311.07528202865427,310.86187929134593,310.6313708795324,310.40232354010595,310.1615093407616,309.90260076779043,309.60978461422206,309.2909596720303,308.9846718207305,308.7083284064628,308.43929361521003,308.168738160276,307.8630697148277,307.4946187006578,307.1020397588273,306.70510533750956,306.2891756665336,305.83097109188685,305.3211240636978,304.77648310054474,304.23007552567276,303.6833277979445,303.12600243421446,302.56212551816276,301.9274798329293,301.32490459411315,300.81278812042154,300.34001211521877,299.91872935231174,299.5787173650309,299.2722735280328,298.938083559108,298.54777529002945,298.18123151958366,297.9006464157369,297.57338086378445,297.2137990459203,296.7888568751068,296.3584841756514,295.91328412888674,295.46717443931766,295.04121391614115,294.60131477445805,294.1344961717015,293.66286104831346,293.196497090427,292.74200351972326,292.30277141508856,291.87788518233043,291.44799089517795,291.05037674119507,290.645
21,313.7729784147057,313.5793423456114,313.38104417418305,313.20266358119096,312.99618067852083,312.7710703822228,312.50812346655715,312.2560585802104,312.10244028751447,311.9919452711635,311.87898520049464,311.75218656074196,311.6169996070168,311.4663032548656,311.2975278829151,311.10959610535906,310.90627409717536,310.6865200047963,310.4544231751912,310.22167796080265,309.97520677767164,309.70971975238723,309.40871062907,309.0860984577706,308.79171487967557,308.5241938359249,308.2646277931861,307.99517997110075,307.6743896533379,307.28684181224406,306.8798861093794,306.47822887756746,306.0519002197632,305.5785928192682,305.0426609627093,304.4694084465378,303.9010280455831,303.3379748297763,302.76062242618735,302.10055991422684,301.55639321645845,301.06583076436084,300.57393548867367,300.1069031728061,299.6845134199232,299.3345773065264,299.0045536558492,298.6255266072542,298.22389517731426,297.88583512804513,297.58728251953255,297.2468169113996,296.86081424679975,296.43340469699166,295.9699698219724,295.50392704052746,295.0414778184224,294.5976205542681,294.14306128679596,293.67111682626825,293.1979167800199,292.7328766192088,292.2709100009218,291.82744045433105,291.3976028996114,290.96981579230544,290.5786818779403,290.175
22,313.6497032203553,313.4163255110216,313.18209307586994,313.01447079886543,312.8287076625017,312.62225262755015,312.3740073966279,312.1310358318319,311.98038451090747,311.8704011903726,311.74999083364565,311.6189741019604,311.47434357797425,311.31377513895353,311.1359660558307,310.94038378594166,310.72808343513486,310.50365846648407,310.2699626340514,310.0290107140331,309.77625986581046,309.49847109541713,309.1950073292718,308.8870052824922,308.59795810161154,308.33238177335386,308.06802763707697,307.7833010280908,307.4561714167592,307.06975190486327,306.66576951563496,306.258838157924,305.818701150333,305.31860644551705,304.7414979649463,304.12994374582894,303.53970458994047,302.96590716147375,302.36917296663233,301.74872714264245,301.26772473182496,300.8048508304423,300.36760000964017,299.9077736022789,299.4876532660588,299.1189984069811,298.7106213139779,298.321120983248,297.9489956040622,297.59455895284475,297.2777662514568,296.9179404383897,296.51663927588015,296.0564819133654,295.56565407639334,295.07968809945885,294.60067871296246,294.1415272668266,293.6858860095843,293.216138389668,292.7628358785077,292.2878274248536,291.80680858689493,291.3596360542867,290.9045404651688,290.48269887559263,290.0881559318951,289.699
23,313.5082279962854,313.2072137106032,312.8706005664914,312.79007539442085,312.6556468758587,312.47535830061713,312.24108660846514,312.0040279389304,311.8553608815622,311.74251756024205,311.61854513378876,311.4800145225374,311.3279452770529,311.1585747787961,310.97461198048444,310.7719271762111,310.5526570934257,310.31878429416696,310.0780171028873,309.82973589208007,309.565058716561,309.280986469555,308.98180007397497,308.67948654034365,308.39282903977704,308.12107331421595,307.8427047924754,307.54615427517166,307.20969933029767,306.83315639746274,306.4524410986558,306.0458128047586,305.5820080681418,305.0389199559531,304.38738250328373,303.7365862373131,303.1410776179084,302.5751007396111,301.9484652406723,301.4248112754396,300.98923003573816,300.5711955423163,300.14912669357585,299.73217327265303,299.2932123306759,298.8897296029124,298.47710602405857,298.07559190247514,297.6851211062964,297.27696316612474,296.9505976775432,296.5913117309267,296.16628909921064,295.68726577486547,295.17580277387145,294.67141510936307,294.1791983344291,293.7170963072932,293.25838631603034,292.8000046763639,292.3327943228257,291.8482121433975,291.36167348136087,290.8922216730765,290.43293076277365,290.0077082078258,289.61493026930845,289.255
24,313.3349558269279,312.9488375422861,312.1861192802222,312.5302164113296,312.4915111373605,312.3349797807742,312.1095675097859,311.8775884631735,311.73084026919406,311.6162662879391,311.4851330652605,311.33983623704,311.17664101754116,310.9998838738699,310.80682994000557,310.5970706511959,310.3684122994412,310.12806849590095,309.8820901284423,309.6226939580968,309.3494026227943,309.0610004231507,308.7605044288759,308.4576839975841,308.165992218975,307.88000410056486,307.58401396389195,307.2674298375569,306.92838725729996,306.5726149980334,306.20486086459715,305.7888627102362,305.27961298808685,304.63639152503436,303.92805863379306,303.29292130296415,302.71795987526866,302.15268836275766,301.6004150291796,301.15914593221,300.7679882069121,300.35784595866073,299.97131987034913,299.5452193907816,299.1060193766798,298.6865877076884,298.2793621330437,297.8677107850564,297.3973840853277,296.9833672227348,296.60623943093117,296.2395091822794,295.83366539594664,295.33454644754,294.8041642873088,294.28947804002945,293.7870109338832,293.3150493502549,292.8544845338552,292.38677979040426,291.91738566867366,291.42317422304126,290.91748417011854,290.4315552784514,289.9734935910894,289.53531844598723,289.11228091106244,288.776
25,313.23661582498056,312.9500244083308,312.6113400772314,312.52994123265483,312.39320396306573,312.20884741949817,311.9805142769313,311.75186439196256,311.60722219329733,311.4908884502701,311.3541910492033,311.2006688219538,311.02784314084226,310.84067444891235,310.63885818666716,310.41785300631585,310.1814799418458,309.93075803582036,309.6747645166927,309.40555239704213,309.12396403817536,308.8280997078588,308.52236152993737,308.2125216321794,307.9077720531373,307.6050599220999,307.2832632378147,306.9476952679304,306.60483118678195,306.2481989315782,305.8699281115881,305.43381612496694,304.8701920714033,304.16364158988245,303.45644477821673,302.8210504871073,302.2598835275105,301.76882965342344,301.3394829039813,300.95743195909165,300.56635267676563,300.1757077788622,299.784810290767,299.34829511793555,298.9050089988365,298.49132279950624,298.06796014651366,297.63604110358006,297.1585705707594,296.7344742571382,296.3400510262675,295.9055711259048,295.4954932387495,295.009761783326,294.4779792617216,293.95466490865033,293.4433495391966,292.97024516465973,292.49632821163607,292.00566224075,291.5278965994101,291.0390832009074,290.51412295052194,290.0078877717937,289.5277913260719,289.07000689667797,288.6184243014941,288.259
26,313.1582056649864,312.9264945729692,312.6839212111984,312.50113985485314,312.2964509944103,312.0686686129693,311.8412811299086,311.62749710809493,311.48548962390885,311.3688811202607,311.2260950965604,311.0626499460403,310.8794169591821,310.6798671718098,310.46598512877483,310.235134795977,309.98864713557793,309.7282071908068,309.458767216124,309.18067066727053,308.888728778008,308.58507899321313,308.2689123899501,307.94612842046314,307.6254527376644,307.2994234526369,306.95858001426126,306.6076570829688,306.2493898431319,305.8842041309699,305.4819423487653,305.01958741034855,304.42779587110607,303.71066113223964,303.0203175219107,302.3334862055302,301.96676170406977,301.56759472536424,301.1742118895349,300.7933673807255,300.40922382375373,300.0168852423989,299.6049302160427,299.16461205383354,298.7425312020133,298.3098462255732,297.86825612410905,297.4129719753539,296.9583851820153,296.5226071439942,296.04154666370766,295.60245036484633,295.1778684030443,294.69607626138804,294.1891037615282,293.6594795563792,293.1614426604869,292.6729436236194,292.15876446634667,291.66228770572326,291.1873058543225,290.6845815356537,290.160370219328,289.62850688613815,289.1319602115048,288.62601714375546,288.13078463729335,287.704
27,313.0521303137808,312.85950170444977,312.64211954341346,312.42667614615635,312.1671017812007,311.8998325179497,311.6911986769785,311.5146638842816,311.38462161885576,311.2588729629146,311.10171815672,310.9257420253285,310.72935970463766,310.51462899964247,310.2865299535671,310.0438272577306,309.78557974670935,309.51643662482445,309.23855928482965,308.94769857280926,308.6481408676175,308.33419772628815,308.005988741425,307.66910017854025,307.3305347219005,306.98399106440826,306.62656171740474,306.26064721824457,305.89431408353795,305.5192473036564,305.1054103632478,304.6085258248991,303.9844391353657,303.30006687183914,302.6007652400652,302.1649927604167,301.84500056544937,301.4639592542188,301.0701197576981,300.6812198880891,300.2836774194706,299.8860182257304,299.4638200326835,299.02967009156424,298.5940187929538,298.1178073098375,297.66170676283565,297.2038732020699,296.7333511073333,296.29757821799177,295.7924730285316,295.33524397310805,294.9069320948727,294.3986502745041,293.901076625045,293.386990047452,292.8807980564796,292.3746378483224,291.8506609317192,291.35334244572283,290.8718202097086,290.36674699320395,289.8205854834615,289.2537002007938,288.7039881255038,288.1211384416217,287.5637509404788,287.097
28,312.94500749014935,312.7604298806081,312.5571390838422,312.3313946739229,312.0557571843873,311.7749334173365,311.5750607983408,311.43258591684184,311.3016513062303,311.1539637320652,310.9810275417516,310.7898738948187,310.5766810656097,310.3452599708969,310.0992166911855,309.84218248840244,309.57261803295347,309.2958761881582,309.00766439704086,308.7110254057679,308.40151341046464,308.0776830954792,307.7389543693837,307.3904782811152,307.0349961157969,306.66666691651716,306.289851965357,305.91251489494147,305.54744322949733,305.1759201643875,304.7437079026442,304.2004021925435,303.6045226061177,302.99767985200566,302.4114427815882,302.1128275621193,301.82616897690855,301.4196296685494,301.03341724188243,300.57868781492215,300.1578033782712,299.7592579754167,299.3448871645251,298.90232264722704,298.3857757773001,297.8671014593271,297.43505218532346,296.97657008391974,296.55705011968365,296.0934403242109,295.573718636775,295.0957094495208,294.5967682713356,294.1001335433735,293.62585581628423,293.1137243274087,292.57465823767564,292.06539645126486,291.5454189233195,291.0391525851689,290.5799469845313,290.06620658767616,289.47382029095536,288.8560605837066,288.21161788337014,287.4382918800416,286.8628870880295,286.485
29,312.836946675067,312.65764954854757,312.4582189912083,312.2277798939306,311.948567658001,311.67383498541517,311.4890858610371,311.34864488029615,311.2054714872186,311.03944730206797,310.84956735874255,310.64248061584857,310.41381611047495,310.1691863380894,309.9074081961319,309.6344037955852,309.3557355461633,309.0731723116386,308.78111821590215,308.47740288661043,308.1608977360902,307.8272075876098,307.48020835692336,307.11900279175575,306.74472736984615,306.3492699583607,305.95106866540067,305.5581716010123,305.1815147761271,304.7887792223986,304.32877872615796,303.7142265042731,303.20647021057425,302.60825957806986,302.3145331925757,302.1193106293708,301.93087053611754,301.66659883866254,301.3710137872622,300.37215122917615,299.98783887485797,299.6621851506729,299.2386720847708,298.7500392733822,298.2271577966025,297.7877452552973,297.34355299713724,296.86704154165284,296.39997609051574,295.89471445466637,295.3685003040727,294.81033861472,294.31328635845495,293.8308581774978,293.36109928229456,292.8424623642095,292.3083320722089,291.7751179963723,291.2473063297536,290.7381519445845,290.28511847972663,289.7589710376507,289.12048073720575,288.4691476049788,287.8714919548652,287.4211120569568,286.8625849982035,286.208
30,312.7260082744435,312.54908134701765,312.34687249490725,312.1145110512601,311.846588698024,311.581130494367,311.39971627373524,311.2556712896198,311.09801662427446,310.91712908097213,310.7120545519511,310.48879602763554,310.24746680222574,309.9894492106387,309.7185403174776,309.43390797722947,309.1413010756547,308.85376227361536,308.5558426626086,308.2476089041555,307.92366982805464,307.5835405729773,307.2286367233316,306.8593916194984,306.46264424494956,306.04314156721637,305.58823257076006,305.2089764453847,304.6729765684521,304.2922910962973,303.88634587029026,302.90902716078574,302.78620947236965,302.31924779133936,302.1615585508626,302.00780624805424,301.8235832125044,301.64810802621975,301.36864591468293,301.02247814309277,299.81740386826266,299.5678804456166,299.13165515496826,298.66656442347175,298.244659054393,297.7589695542701,297.27549568809155,296.7998338026204,296.2482242824657,295.7167025762849,295.2150736893481,294.63109278931853,294.04986831796,293.5717292517093,293.0751399297199,292.5667071941678,292.064889471801,291.5162705605719,290.997428963902,290.4778225227903,289.98309655294406,289.4786104589288,288.9519535388536,288.46397989997024,287.9889466815013,287.47212868714263,286.89922651697503,286.321
31,312.6021223080772,312.4281227997866,312.22266131048593,311.98314779017136,311.7140790353981,311.4799079740446,311.3079885192455,311.1539376791509,310.98352945164476,310.78738808686296,310.565381871306,310.3261398199167,310.07188534941696,309.8017327348768,309.5208079262993,309.23171133205153,308.93196533232236,308.6338594963918,308.3312694643152,308.0187388974539,307.68998159677574,307.34538369968215,306.98944947438684,306.61102408017666,306.20314112244375,305.7637474443489,305.28546075911396,304.6831060379673,304.32783456969804,304.01679372448274,303.74840948193315,302.80372881829084,302.47537317190324,302.2401706667986,302.087668338751,301.96058236898335,301.8209800441599,301.6417605435744,301.35119968054926,300.93799072775016,299.717881665776,299.4790684107722,299.0591706529128,298.63769828524164,298.1968871447024,297.70618455300536,297.2097391921737,296.71266058069875,296.13489507551805,295.5782868388545,295.0545765678623,294.48751778121436,293.9085648680209,293.40741036423907,292.91789292542364,292.41940277679913,291.9214595959859,291.3919283976582,290.89505293351766,290.4408148418947,289.96671277864635,289.48078399546256,288.97627740068293,288.464520454673,287.99139186831,287.4569923864152,286.9038231734302,286.359
32,312.4690514881211,312.2920231262157,312.07669226925725,311.8079533332905,311.5578721690287,311.3941306984718,311.2293433531616,311.0530957239224,310.86367992362045,310.6496675132701,310.4091924118737,310.15611559961695,309.88987381985146,309.6097163371806,309.31995411954557,309.0249157428011,308.7241880523994,308.41842278453305,308.1091237232111,307.79287325834633,307.4635262968567,307.1229338906653,306.7644952764419,306.38391975899594,305.9659686554966,305.51980553734734,305.0423334330099,304.4912712287749,304.1187758446679,303.8573637557112,303.62406135943235,302.71809199682997,302.3992623210883,302.18380792677476,302.039855441434,301.9236650277431,301.79673746500976,301.616892173637,301.3296587465146,300.89802199454726,299.6550108164628,299.4123218855126,299.0239876576422,298.59954549083824,298.0862100980462,297.5963611461324,297.12967896601543,296.6054158689838,296.0662440398501,295.47685597150365,294.93240150349226,294.3381627006464,293.76438372780973,293.2576456879783,292.7720598527241,292.2789949615555,291.7912268086721,291.2981670356228,290.7923019347852,290.367389065078,289.9423859319438,289.46438111628214,288.93344412076976,288.4292870337776,287.92865160541623,287.4164730259671,286.8991762487342,286.381
33,312.34592931781646,312.16391936633545,311.9355261810489,311.67734784298256,311.48742025675625,311.3268626014633,311.14925403337,310.9530325243313,310.73922850189524,310.50223004387533,310.2490925084553,309.98314549652446,309.7040909613889,309.41536701674977,309.1203115045786,308.8199433392373,308.51373053880695,308.20638760585115,307.8901461994611,307.5724314010469,307.249359264432,306.91364959629624,306.5596818574525,306.1781731772307,305.76048409152764,305.31725305175416,304.87340900745335,304.2974376061548,303.9383241072934,303.7055829928194,303.52757825131863,302.62303733320437,302.3250362115237,302.12373013493476,301.98698534986704,301.87785843197753,301.7598034612777,301.58630639419493,301.30541342276985,300.8765664434444,299.6257714850931,299.3685716874596,298.9716985695953,298.5215998840516,297.99548519833826,297.46456172672987,296.9961957194924,296.4888095501795,295.9428024448994,295.39753589232333,294.7980631413546,294.1682948128893,293.57000604906546,293.0590384889225,292.5841168501512,292.1014589041639,291.6322537452334,291.17213751829416,290.6969702788931,290.2931900526851,289.8834288830519,289.41016652014787,288.8782684857419,288.34097761083217,287.8522614241454,287.36814069102894,286.87711276624145,286.386
34,312.22181610442635,312.0408738182067,311.82677780771274,311.60082614337693,311.4280767096968,311.26125209685904,311.05967583825594,310.83779284638564,310.60432731657846,310.35314822356315,310.08241403903565,309.80403504315603,309.5170852476246,309.2221232994641,308.9194381778948,308.6148447043723,308.3073654011718,307.9971943537403,307.68136923396975,307.3640014127352,307.04507390196426,306.7148130150751,306.36310115546405,305.9884078412262,305.57664508481093,305.14314377398557,304.6979797847238,304.17074834928724,303.7266732256693,303.52977717817436,302.73231988526896,302.4730348486491,302.2263960290238,302.03180224250275,301.9068993627146,301.80653737313895,301.7062899534401,301.5388097935217,301.2542816295149,300.91456116016843,299.62871230781974,299.3379907939617,298.89550430049724,298.41914329354756,297.9162260415941,297.3615481244169,296.8203878278323,296.3236252186167,295.8469631392705,295.2791640247355,294.63395230074383,293.9516852804621,293.3300936367418,292.83100116348305,292.35699960792493,291.8946752070973,291.4599783142805,291.02616692754816,290.61071849566935,290.2184411576984,289.80455849137707,289.321751405582,288.79826893811685,288.2634413320915,287.75551981864743,287.302549287369,286.84637400883696,286.373
35,312.08878624391735,311.90921137871345,311.70509959095705,311.53301397432773,311.3842762570235,311.2046784741318,310.9533630853334,310.6964456162216,310.4581773246105,310.1932104324028,309.9105527127932,309.6185400606294,309.3229444905029,309.02088715437293,308.7139688305729,308.40858711931986,308.1011013888959,307.79235839072203,307.4799221789088,307.16579467106516,306.84618534777064,306.52067546537324,306.1751942721258,305.8081185543356,305.40620753722413,304.9775573319912,304.5366044027788,304.07924844924213,303.5427701955253,303.3313540805007,302.6004651284694,302.3577588255089,302.12655692379053,301.7358961674711,301.67040001704913,301.6005341738932,301.65323090685615,301.4293966013558,301.0749816756228,300.0108973251471,299.69462870711186,299.3133091882651,298.8072111003818,298.3220963470279,297.7973025786965,297.22777625207226,296.66538447122235,296.15373533226636,295.68971411481715,295.1131245837046,294.43616256042026,293.7106109201526,293.071624121918,292.5888677982411,292.1402619655587,291.69965884328565,291.2912732607993,290.8992852568031,290.5054436467659,290.11729871149345,289.70656312666915,289.21845207909286,288.6906053295082,288.158420385372,287.6677053345977,287.21807375723864,286.8142263290231,286.411
36,311.9370997605549,311.73668542534824,311.56637126000106,311.47234613900537,311.38151550107534,311.1813270901304,310.7748025710256,310.5380417578139,310.29740688986544,310.0260615275335,309.72689089746274,309.4220051492972,309.1146872981658,308.80896266507335,308.5028258924092,308.19907665516894,307.89651955175435,307.592908323974,307.2855271552045,306.97333476763504,306.6485088591341,306.3266138759291,305.9910211659762,305.6293552548474,305.23185525562934,304.8090995664891,304.3776494521766,303.94469941963484,303.3980031478223,303.0954923961863,302.73621218029194,302.25374077092386,302.0419600491872,301.7060408935076,301.62729259481165,301.51048924873356,301.36425494384065,301.0464182697559,300.39466471145596,300.05234133421345,299.6615135842082,299.22456563927096,298.7297674324112,298.2061368632263,297.61583738812675,297.04388120868583,296.498396791369,295.9833336574956,295.4576211086284,294.8874736677843,294.1958301471089,293.4519702403855,292.77427042650777,292.33105228037175,291.9356695332045,291.5195939325926,291.11278496810206,290.7418376706295,290.3842306810709,289.9968504661588,289.58631185534585,289.1013780332902,288.5501666376927,288.0503252280985,287.5546982842936,287.13253352285494,286.7588313538491,286.387
37,311.77363304857806,311.5847412150429,311.4711805561396,311.39012432530484,311.3116354385909,310.9099845556611,310.6654056788782,310.381415967494,310.14574172658695,309.86451970783946,309.54352084362887,309.2129162379584,308.90167400825896,308.5929404325951,308.28951325825943,307.99108812468353,307.69489255934076,307.3982855079845,307.09616881098003,306.7876373216481,306.4647560874538,306.14631896411,305.81352023416264,305.45595696501397,305.0623713006033,304.64926559766025,304.2326507954249,303.80409139925115,303.26778700240925,302.907386354709,302.54851037581983,302.1634348154292,301.8938530022485,301.69906058739457,301.56497268647036,301.4182673613576,301.2152752188186,300.8665851773363,300.46078390270014,300.06473428111457,299.61676213838217,299.118964653703,298.51202452174635,297.9555096423895,297.406597043948,296.8687733038449,296.31202759889004,295.7572128049431,295.2548149615091,294.5827767828016,293.9256009998957,293.1422447638027,292.5142034960685,292.0927911597972,291.7202277256432,291.3327710981079,290.9396490072743,290.5838538761789,290.23705969812755,289.86338594757626,289.45380169142106,288.9600831163063,288.4262116397479,287.9439252908599,287.4708844477048,287.05706355927026,286.71091868597915,286.365
38,311.6139517758401,311.45979356626214,311.3509378844007,311.25446588102636,311.0820473389935,310.8425219958418,310.5608163228599,310.24960252732984,310.01603415244637,309.70481193301913,309.34705971727624,309.0005245862623,308.6728404006946,308.36539941748447,308.06857472514247,307.7784588386928,307.4939963729761,307.205425255468,306.91056446722143,306.6065327785217,306.28790616107125,305.9680355243359,305.64043358815024,305.28465327412084,304.89977382026456,304.4968196528919,304.09342108318776,303.67985089249333,303.17073138124573,302.7055232262828,302.4168021724112,302.08949376860284,301.82171586042364,301.62835871828014,301.4481305759893,301.2770447700612,301.0901719746275,300.7935831349219,300.4555902074629,300.0085785195642,299.3926581920524,298.6187451362797,298.08300203173184,297.6119905386529,297.11572730290726,296.606469801713,296.07502099063686,295.53335862246286,294.93729727448437,294.30599683574917,293.63378921792,292.8804831838385,292.2611158296189,291.870458866081,291.50043481327725,291.1300468811805,290.7758727294373,290.4257217398101,290.0879176462373,289.7120831619222,289.3117929510543,288.82188492241073,288.31744230339024,287.85846346739714,287.38553250351856,287.00135371837604,286.67148184377015,286.343
39,311.46217551005924,311.33298925469524,311.22750794844603,311.10675550349674,310.9511708556348,310.7290116759057,310.3513686712384,310.16801486564947,309.94069077372507,309.556989839412,309.16814429382816,308.7850232161289,308.45614367956733,308.1472389398238,307.85555740348724,307.5713859574411,307.2986154875838,307.01624747029507,306.7262794180914,306.43013607161157,306.1147022827243,305.7967728738239,305.47029912987097,305.1261264789666,304.74956501418785,304.3575499278653,303.9672105841947,303.5692525368857,303.1368000190362,302.574493189688,302.2742771999592,301.96527868695927,301.7070839259399,301.4884898750361,301.26714255248146,301.08304223640084,300.89316579547454,300.6461694561875,300.3335773505648,299.5554087031116,298.86538704562946,298.0732162931914,297.7491343174643,297.36286799551715,296.8973472518908,296.38840961603074,295.82613400679213,295.23543713016005,294.60892746064036,293.98572165427004,293.3834914260448,292.71261973612155,292.07403062936163,291.68804277820317,291.3314213409658,290.96793433849496,290.618774265847,290.2628571725956,289.92581380581635,289.54372562236034,289.14742797350317,288.684172514335,288.2049547783167,287.75748170836823,287.3056363705981,286.95191127220716,286.647379787801,286.374
40,311.31536942457643,311.20499126189986,311.11424224305813,311.00038668747584,310.8624435079542,310.42000504910897,310.18683248312476,309.94099685007933,309.68206504826003,309.4642509408896,309.02149496712644,308.5876662781053,308.2353273555407,307.93111575918283,307.6419294895757,307.37087342282246,307.1046304129654,306.82661193120987,306.53671422580726,306.2465071215673,305.94560550247473,305.6313102517356,305.3157372926359,304.97875428366416,304.6135738424426,304.23079599297836,303.8497203006232,303.4590802599236,303.0365174609551,302.5184077300356,302.1164769603936,301.8147096778062,301.55128510329934,301.3247477556386,301.07213094033455,300.86729549811014,300.63300229493944,300.3510078041644,300.0324776274798,299.11076583196706,298.03436643097433,297.7706716643631,297.5202454592907,297.1820262619122,296.7502584309202,296.2076184191241,295.56710510972863,294.90054763600716,294.24982848643174,293.66920034104265,293.12013034418896,292.5851294669503,291.9476819714233,291.54685516084066,291.192955481783,290.83367072990694,290.4382310440212,290.0827239351223,289.75516454555685,289.3807266450554,288.9614549594316,288.5266334422155,288.08490972140584,287.65452523315696,287.23034723981516,286.89209054062167,286.60114086026914,286.335
41,311.1587926400567,311.0891789215723,311.00625496805475,310.89558320787523,310.5514333268434,310.24904906013387,310.01486999261624,309.767919774711,309.5071250145534,309.2348688127369,308.91991901488774,308.45806705957716,308.04928659636585,307.72935160859384,307.4517414276459,307.18163930724336,306.9152484744605,306.63587869083796,306.3534819345144,306.071813410117,305.7800571801059,305.48079178629024,305.1721167679783,304.8439515639255,304.4846590215778,304.1114879313662,303.7342565622122,303.34803312626144,302.93157086436423,302.4764238164737,301.9873422035847,301.6494935206858,301.4029483169538,301.13981752689745,300.84872201536365,300.63744731450936,300.36868551866985,300.00280183062,299.56051342426645,298.60350960994316,297.91391264241577,297.54635741634854,297.2594090748416,296.9313489543624,296.58459070997407,296.18354761547795,295.3625254521266,294.5764237227743,293.87247649142654,293.3529991583098,292.8654272256532,292.3803618993931,291.85488456293604,291.41398852027766,291.05469526558585,290.6677770859037,290.27142800075217,289.8807328215735,289.56595698866954,289.2109121774179,288.8084745505476,288.3610682240805,287.95117017038734,287.5493899070997,287.13600492775936,286.82882532005897,286.54405384666103,286.284
42,311.06556293929367,310.99206708656004,310.91112153436444,310.7393074130429,310.29675891231796,310.07103516593935,309.8346225191135,309.5872223028653,309.3132351608373,309.0421772602651,308.7084823802012,308.43374985813534,307.9049474068042,307.56575049050355,307.27612178654226,306.9984330258696,306.7130233075505,306.43714101074306,306.1653036938884,305.8976605367225,305.6239326199181,305.33944344785033,305.0369444590124,304.7106002256187,304.3622489547998,303.99396396344207,303.6234336889496,303.23489025541613,302.81951203253004,302.38073244935504,301.9039605798649,301.52187549572216,301.21347124429764,300.91730632782975,300.6102474196983,300.412666867613,299.99440100286466,299.53756401326666,299.11881398135387,298.4221263826824,297.67659626747786,297.2585585766011,296.9574919517534,296.67815799499954,296.50831045694537,295.61773199548435,295.17544287493456,294.40324602419366,293.57148398350347,293.0454259169135,292.6147788858987,292.1853695961593,291.74692641658186,291.29927755930737,290.91895526017004,290.5169868915637,290.11531046074447,289.73804835204936,289.34871631309153,289.01761417057537,288.6496634843643,288.23103362940503,287.8060955426841,287.4163923552623,287.06070113104226,286.7542687781118,286.47677897166636,286.22
43,310.96400205067613,310.89591828399267,310.81327606972764,310.34869334366937,310.1136842696363,309.88803059798784,309.6516356031395,309.40376761729163,309.1304278053753,308.86140213218147,308.53092437825813,308.24304792763456,307.9650326480564,307.4209267832497,307.1088388475156,306.80524362228516,306.5083855791106,306.2327283399849,305.9801370967897,305.7325627350027,305.48089630313353,305.2059696452179,304.90522645113117,304.5828511874308,304.2399931850808,303.88328328028064,303.51505639406844,303.125770993326,302.6983917903169,302.2540972736202,301.82746074386233,301.3658680700478,300.9892770820195,300.65885007032796,300.3572156597697,300.1316544752795,299.6003100209026,299.0733716318285,298.7270569454743,298.18312983044444,297.4414248036552,296.9855276175454,296.65248724606505,296.4021300843284,296.20941005216173,295.20952172132854,294.75823771211435,294.3193449472938,293.3452910099076,292.7946288634603,292.3631284733906,291.97158541698434,291.55251900060057,291.14259617429866,290.76581659245187,290.3825151438366,289.9567774373732,289.5932588890247,289.2127036343877,288.8506183294906,288.4984563791492,288.09896388906685,287.6920003840761,287.31634135922366,286.9736952097026,286.6730448393088,286.4019936691542,286.142
44,310.8672322606719,310.80113856458814,310.31013487269576,310.10574776472384,309.8884209207007,309.6628566088346,309.4184953356686,309.17151855290405,308.87443825952107,308.6083255182558,308.4155014763601,308.1313389369499,307.826795254212,307.5186387323611,306.95784083368454,306.5953498094458,306.28028244245627,306.0317119393042,305.7990874255231,305.57935092303,305.3410633735171,305.07194290848344,304.7768620507148,304.4593106159159,304.13006642612737,303.78847992129175,303.4281115346859,303.01446225488246,302.56003705045305,302.0992882454934,301.65264494560694,301.21497169002237,300.7906577017891,300.37307603578176,300.0366940005179,299.66780257740703,299.21283149440706,298.7954463025597,298.29755321602437,297.7737516211618,297.3664921867221,296.6788706962041,296.320395614137,296.0153481366105,295.64841784648235,295.21807119832505,294.884444010997,294.04250626259505,293.2365577157577,292.5830067953282,292.1469715631304,291.7467256407895,291.3481673559755,290.93733094153544,290.5576727197992,290.2052311477053,289.84116197628026,289.43117966768546,289.0754087508866,288.71320868787126,288.35411733499706,287.96812590895024,287.574485564167,287.21516725079255,286.88279252574694,286.591290271243,286.3124665150545,286.061
45,310.74010884019157,310.2998347062785,310.1204369389357,309.9121803492035,309.6947967232418,309.4689857482244,309.22531613870063,308.97939334985335,308.68335322624085,308.4206828120324,308.23180572373207,307.9509144396558,307.64995982519076,307.348610842733,307.0301371020127,306.32417203881613,306.06230316106337,305.8384175115928,305.63168278599494,305.42998959574385,305.2000524170773,304.93699413852994,304.6511432855909,304.34677436003034,304.0356663436013,303.70812170776423,303.35714453517846,302.93439716244245,302.4033345456058,301.8989745338295,301.43640928972764,301.041217677581,300.62531101944575,300.15166829900096,299.6464283147162,299.2881035617083,299.00135347440187,298.6949077237101,297.72882056088775,296.02909082254087,296.5117978566277,296.3455518667695,295.9843426829666,295.71704819322815,295.40048465438474,295.0061249271883,294.6463861533238,293.73223557533095,293.13259365250735,292.43894484148444,291.94501725122996,291.5171043848999,291.128124939089,290.7275737904906,290.3604617604178,290.0155679765686,289.67542971803516,289.3236966639482,288.9218593568408,288.5617273483284,288.20814503914136,287.82516929116696,287.4439448541675,287.1060126599933,286.7861133855513,286.49263048258575,286.2156838453881,285.961
46,310.2874190903808,310.095566007306,309.8945904343827,309.6860766586838,309.45669883481463,309.2313445999572,309.0170862431596,308.7725032676273,308.5142049131343,308.2528717619524,307.9829051194006,307.7045444104446,307.44715874358474,307.1494866972963,306.83627312892924,306.19353158960683,305.87669785250966,305.67589956034436,305.4793681591256,305.29113075579096,305.0663673656432,304.805279148084,304.5263000899349,304.2325103839171,303.93953836306446,303.6285865032725,303.31591698751635,302.8747083548937,302.2512101773338,301.60697133214535,301.0909550292483,300.7152142655625,300.3663079863911,299.90838851784264,299.41640056502195,299.10628527334063,298.794189667049,298.4940441223356,297.5567685438393,295.44715432666897,294.7355754113851,295.78847252398555,295.5917814008589,295.3654916233551,295.0584856484332,294.6987055927397,294.25648413305936,293.39699117171324,293.01497523862014,292.3112669426162,291.78045128514657,291.3014881985734,290.8965754227463,290.5115820965238,290.1568133353883,289.8310306650877,289.4965467232912,289.1552108388339,288.80629069143686,288.4116353721087,288.0504282670159,287.67927645092004,287.3075269105929,286.9780449572639,286.68184792328003,286.38932931653545,286.11393502852616,285.85
47,310.08946664058215,309.89743621094146,309.69696446330494,309.4869961923284,309.2578886034307,309.0309176896857,308.81764748259553,308.5741403384166,308.3168729358049,308.05664886683286,307.7878135325115,307.51052338516484,307.2558677495492,306.9617321160877,306.65137652356304,306.16938482710543,305.7319221123031,305.5365779797006,305.34623149892036,305.15671793545283,304.932624017136,304.6726102283916,304.3960011936495,304.1144375743158,303.8191249718084,303.5068681276141,303.11788658712936,302.18615442407264,301.79804723730746,301.4570774987308,300.7170352833662,300.3277746135228,299.9890637061608,299.6946153224809,299.17056163904005,298.8149531454463,298.525258514448,297.72493751815557,297.16318025749257,295.3005924390418,294.4415115832973,293.97914350054214,295.04754683142033,294.9833302943699,294.77690806489454,294.2845566775624,293.4439002972664,293.0922534239349,292.45196147153126,292.30602231170843,291.6751675054774,291.0916909333079,290.63715734896965,290.27406470399654,289.93955792536116,289.63049258904044,289.30575007187696,288.9716579037465,288.63227305538265,288.2618960573218,287.88427377956555,287.5450895916286,287.17603138358544,286.8518853359088,286.56338903667614,286.27935443544646,286.0001277323314,285.713
48,309.8830510635135,309.6918053804795,309.49093853894925,309.28163568856894,309.07355964746665,308.8469900290559,308.62784072339906,308.3847560949784,308.1089774096601,307.84953773374895,307.5950184882142,307.3191513337677,307.08758540565424,306.7951655659299,306.4525354191828,306.14695300356266,305.6372442653605,305.409382956385,305.21954136224423,305.02603318624375,304.7969307443075,304.5363674831666,304.2674814077143,303.97234851740916,303.6558935717023,303.3312999663114,302.47278002288533,301.96340072024975,301.505290096824,301.04812566174115,300.51191256458907,299.9303975415327,299.5939010906188,299.2672136277213,298.9457227825552,298.5195822176918,298.177901116352,297.37163958930813,296.86699661440093,295.1113470649875,294.2904697510474,293.524913222656,294.5779751457595,294.43356757379496,293.74916467610876,293.37909832262244,293.10962195767166,292.51937027700865,292.40232467407816,292.0067433292883,291.58178612013734,290.9896113610823,290.360742379495,290.0104687652771,289.7013004637834,289.4075705075011,289.0991190359737,288.78054527230046,288.4479077775185,288.1129318322997,287.70050600874697,287.36794918290457,287.0581130188986,286.7274545633726,286.44931323225507,286.1618698360293,285.8724724345597,285.588
49,309.68022236739233,309.48563275726036,309.2856650396433,309.0756646340414,308.8681736861895,308.640640449817,308.4217476133717,308.17883072900287,307.9031175431158,307.64538434375606,307.39142976670144,307.1164121163339,306.8865655317634,306.59248293531107,306.25084669143786,305.9434682812601,305.6288385874567,305.29707805861483,305.0957951973774,304.89281077398243,304.6552153734415,304.38289158187604,304.1047750891844,303.74640249392866,303.41100982145974,302.8415213301844,302.13260842525006,301.69056263286313,301.22761018741306,300.7642895828767,300.14624904895487,299.6600180498505,299.2442407637557,298.8870561448472,298.5780373973532,298.304772050707,297.88578048702965,297.03629093003417,296.5197403445422,294.7450820497497,294.656103474579,293.21851209728044,293.9737229442649,293.33477868223355,293.20996306134793,293.0010347401007,292.7600271928689,292.4993635614092,292.1283250305629,291.7521428164136,291.2946355881023,290.9322017501991,290.21822343195174,289.7162707111654,289.4521586058179,289.18192458938773,288.89182914843354,288.58554733955947,288.2633202321001,287.9316517953232,287.5720572388417,287.1939986935619,286.89779354520795,286.6022858102649,286.3137609899245,286.03185382540084,285.7400330858495,285.447
50,309.48706088874195,309.29245842454384,309.0891467544823,308.87946967364564,308.66364048805997,308.43595106999857,308.20243307068483,307.9594605642627,307.7010627091198,307.4432307325367,307.1674876592822,306.8923653438212,306.6538268483205,306.3600364160479,306.01225579086537,305.70571337050717,305.394308261943,305.2296692827645,304.9974012218539,304.7503277735995,304.4711084943979,304.20334274960146,303.86831262854264,303.5168063712233,303.005955990053,302.3140644519734,301.8634343138165,301.4199822388539,300.9307409473436,300.46273856091835,299.9340546119424,299.3154929888334,298.8952442680929,298.4801404421783,298.1071978511601,297.70248755335456,297.2629811301782,296.5534970303534,296.03264304752827,294.7624032636379,294.6544715778517,293.0042793271991,293.1001335471755,292.97918039603957,292.88839152080993,292.6928387661537,292.4226037003292,292.1808358120861,291.89498549384746,291.5358901934993,291.10044888587527,290.71752617431235,290.14065825790993,289.4216777736709,289.19758466280496,288.9504001996273,288.67738380098325,288.38262476383443,288.07227406307493,287.75028801584995,287.4235468737699,287.0286707553948,286.72983659819744,286.4360952168676,286.15697869387714,285.875983756274,285.60086478385864,285.305
51,309.28377144574984,309.0837173135725,308.8814844882556,308.66563349385575,308.44969106919115,308.2217341609651,307.9878048359715,307.7489440480232,307.49002396578953,307.23059645952236,306.9542784290123,306.6789421309767,306.4400887705434,306.14768810885556,305.7977602031587,305.4893501806286,305.17558829787845,304.862857802382,304.6715025567237,304.4673724582775,304.2330635261185,303.8666241840313,303.4731814315426,302.97220641696833,302.4533433315406,302.03000339342725,301.57912990274684,301.1306775537914,300.63844371649304,300.1687989598384,299.62805046489945,298.9872912204722,298.52697480668184,298.1075107455043,297.6549182435465,297.20209989115375,296.7179536379335,296.1470825939946,295.2648121161921,294.8656819274762,294.7261868488765,293.00910247633635,292.4960460634566,292.6366836583488,292.54214340840684,292.3370563701766,292.08342235512237,291.8398057289986,291.56899328436754,291.24302041415865,290.8245344129299,290.46813456015997,289.96304645976807,289.16188902789213,288.96001006692177,288.7247542523558,288.4597810846252,288.17368561765846,287.87064744316154,287.55413492038,287.2147603198006,286.84476840338795,286.54363798081135,286.2533372484773,285.979093324073,285.70717527217516,285.4344030331465,285.154
52,309.08844733340476,308.8884799843954,308.6838498360655,308.46777239923824,308.2318879813231,308.0033981254506,307.7726712494609,307.5331308403777,307.2709942658833,307.01087524129287,306.781985652458,306.50522046120955,306.23094978027797,305.93671421156597,305.56493431577854,305.25451478111427,304.93759232136216,304.61973203838875,304.33995548977185,304.0082813994478,303.71610989940314,303.3593307271997,302.9815488966442,302.58985325670466,302.16802551975667,301.7430196195724,301.29343876955664,300.8419833628912,300.3881153340644,299.9161739701731,299.2885987501333,298.63912576622283,298.1845494808369,297.73133238038264,297.27348082938545,296.81211040665335,296.3372297480125,295.8089878071422,295.25001229724955,294.8071820263514,294.3261319705068,293.91260579792686,292.2600206794421,292.3382608333015,292.07110778737433,291.86149836811506,291.6903861451272,291.4678454428148,291.20649706475535,290.89520257850114,290.568970265244,290.22138595131764,289.36619984841406,288.9573667470041,288.7442420735905,288.50322300186735,288.24050587627664,287.9574275543233,287.6594137168618,287.346716916211,287.01655630298126,286.64861730258605,286.3387102956628,286.0597222181865,285.7923598659025,285.52813834500137,285.25073321824107,284.981
53,308.880521182473,308.6816012884667,308.47754729988577,308.2560709545328,308.0196258554033,307.79296672006427,307.5613727251813,307.3207791679319,307.0571163989436,306.79329127664613,306.56399956838,306.28577824344484,306.00996077652457,305.7122605478051,305.3369036962923,305.02466687191725,304.70450590244303,304.3801309490248,304.0947659605057,303.75444459846364,303.455305581561,303.0880804489989,302.70399683603654,302.3060817523475,301.88020476514276,301.45013567564575,300.99716278184115,300.5346630691629,300.035315547888,299.62251506267535,298.92033163282866,298.3182145599563,297.84804890910004,297.40273685926707,296.944336238796,296.49009435173855,296.02375738034675,295.5395094007949,295.0379694650185,294.57278788035876,294.1247298016656,293.6628777257543,292.3100368875658,291.77979497786356,291.46875824802504,291.26964163524366,291.3415142555368,291.132400611351,290.88599310023517,290.60321623237894,290.28576838557365,289.4043733133591,289.01513186286087,288.7895513468175,288.53878117724497,288.2845000118509,288.0162475374169,287.73164201093465,287.43370851576134,287.12685709022816,286.7961347040065,286.4467237689821,286.1461399155246,285.8683290667932,285.6094762786868,285.3703283645665,285.0976814984013,284.837
54,308.676172891719,308.4754425769336,308.265517238847,308.0436140070592,307.81168169400166,307.5841323292532,307.35439756050886,307.11250074329405,306.8450999146691,306.57959283322845,306.30391465645295,306.0236824108614,305.7520683672543,305.4530838687243,305.1022925102241,304.7878568494238,304.5162788606165,304.1865669270035,303.8980350637285,303.5501952997057,303.18821715341863,302.8143176078794,302.41320407907875,302.00983788327363,301.5613573532415,301.12687739939236,300.6918628852235,300.2233060295868,299.0271934839636,298.82565826591195,298.66162229075195,298.0475599621002,297.55693043543965,297.09008512093135,296.6372073659138,296.18402275036135,295.7227659338244,295.2526049064664,294.7705139469431,294.2947416613503,293.7966452064059,293.2844120217658,292.7213144442173,292.0972274742666,291.7638976241224,291.09581561134206,290.817181969682,290.4392909699848,290.2321683280193,289.9493806197244,289.45144176030254,289.1187266805213,288.8725324778528,288.6024523217118,288.3351795478792,288.0643205951574,287.7853911368974,287.491659573648,287.18846049504765,286.86677024686963,286.5758050128838,286.2505999802815,285.9464820896964,285.6763551295424,285.44747202563,285.20672003816384,284.9590272783781,284.692
55,308.4509102512874,308.25148912550986,308.04033423122684,307.8467070953074,307.6136314440799,307.3839430747916,307.15274370254014,306.9081085604197,306.6376975830092,306.37025443115584,306.0927481431692,305.7992376682275,305.5257794148404,305.22485165546817,304.87056239967586,304.54353613373894,304.26946489319,303.9348453314579,303.64165164703167,303.2875176405178,302.92004476300406,302.5334066399684,302.1269167998599,301.71663781451684,301.26190175526415,300.820139067388,300.38085072804876,299.65158455160275,298.7525183407321,298.4945612688463,298.32939887314194,297.83301666264936,297.2760995063236,296.8054471634569,296.34990619489105,295.8981385548357,295.4354135152311,294.9760801876966,294.5024597563045,294.02223994668446,293.5455437461333,293.05456062328636,292.5501520483782,292.0273022355553,291.51593522049245,291.0746553147584,290.6260324988426,289.9357280498572,289.7778016650148,289.5326496488192,289.2518908598628,288.9679298047338,288.68251582781136,288.4037227599004,288.1337563204049,287.83936792139315,287.5386445662107,287.2028290311699,286.86324192482135,286.5910848846606,286.3337078444021,286.05953158245376,285.75962352757375,285.502389326768,285.2727286356238,285.02518465388073,284.7749478293661,284.52
56,308.1855748202517,307.9828711136393,307.7860426771771,307.58922910949866,307.42825148795964,307.19743193804277,306.96253728818886,306.716275187646,306.4363736133855,306.1667671157492,305.8554359609612,305.5604587779338,305.2466226269987,304.94437362546387,304.62373913755783,304.29382174141926,303.9952998451751,303.656612030075,303.30338516551126,302.94531500282886,302.6186895251779,302.22898577114717,301.83492718299703,301.41961669394055,300.5871200019431,300.0509985839251,299.66832988828196,299.1058260835047,298.58749412493916,298.38701115018966,298.15986895756623,297.51805912332424,296.98365454869247,296.535488597806,296.09678241974103,295.638607408264,295.177227212666,294.72422315255244,294.2633565760881,293.7993868681999,293.3292267950664,292.85065586781235,292.3612491542704,291.84908551612466,291.30959677874245,290.71698204617223,290.050144891113,289.79074629452293,289.59849976787746,289.3817361520329,289.086599518336,288.7475490142371,288.4504422464401,288.2064834626373,287.9784977521352,287.55718669199115,287.22740473924455,286.9281718778378,286.6454034118287,286.3860633867404,286.1514540805228,285.88100070744576,285.60753445075915,285.3476658257119,285.1023060627524,284.8560060766886,284.58371920657873,284.322
57,307.9540620412082,307.7666578260221,307.5665053474922,307.36909152055546,307.20694009220347,306.9844940755326,306.74769879065974,306.49852652750013,306.21593219511504,305.92445801574763,305.61056753986475,305.3127578082929,304.9960250752654,304.6950835331026,304.3715890893467,304.0396459958744,303.7372910378805,303.39388356794285,303.03561118399546,302.67747220084215,302.34686917100953,301.95363255015917,301.5567478513035,300.92476506135245,300.48922213101804,299.8836118089,299.6066306340682,299.04117345529465,298.5501746422498,298.18537739975807,297.40071086554934,297.16593062636616,296.66545508382814,296.26237635014684,295.839379080327,295.38168160927404,294.92377678299937,294.4770211372004,294.03009238236297,293.57454696417994,293.110893994064,292.6573092421047,292.18997548287786,291.6950684864953,291.1749483248245,290.61981760505154,289.9144821902186,289.59618417699414,289.38962300349453,289.199152397572,288.9135553866872,288.67998718147817,288.268098470903,288.03527595988817,287.70716168088666,287.3917767745668,286.9747337405603,286.7459255660666,286.4779022452943,286.20584779407824,285.98332161733777,285.73680509348713,285.461670540868,285.20400692407924,284.96182529578493,284.699605995936,284.41809673121725,284.138
58,307.71696667862136,307.5260307995938,307.3535342330733,307.15427992720714,306.99341424778737,306.7691193381978,306.5077460722514,306.2565756282876,305.9604057604781,305.6654233015238,305.33834393432977,305.0369277180689,304.71739790049037,304.41321329175713,304.10498727109155,303.76955973480824,303.4275218055492,303.0804399124276,302.7640290961276,302.4022794900198,302.07366990908406,301.6771246617513,301.2672429024461,300.8467664053903,300.20931361836153,299.8337929613544,299.6510147116518,298.9629878143109,298.4075428471244,297.6215096279466,297.43479909321013,296.3483141335295,296.1474041352699,295.9466850841731,295.62583977954193,295.13097248237244,294.67119662126476,294.2359653782948,293.79484583984356,293.33363632983736,292.8547282592191,292.4588196183407,292.02805598153157,291.5484714393175,291.07047706796044,290.5905841597749,290.1155005763237,289.7362250338924,289.4264362702128,289.13620484386576,288.8376269261853,288.5317353628449,288.1576101849843,287.8866891485423,287.55188666727815,287.2583825104961,286.7935718304183,286.5781760987116,286.3443279838175,286.07379210523834,285.8168993276361,285.58113343202837,285.3271991618692,285.07544626065885,284.825098475702,284.55802174981034,284.27299715470554,283.965
59,307.4931120782521,307.3026302290371,307.1279105948119,306.92676827255536,306.7638568297132,306.53909699018885,306.27542409548704,306.0121144424949,305.71395530469255,305.416444455854,305.08714467003534,304.7793868486681,304.4578374065191,304.149138253992,303.83772765806873,303.5094838993403,303.1634373076591,302.81474188570553,302.49480916584093,302.1335732319266,301.80173795057823,301.40414404693644,300.9923554037208,300.5711032050497,300.1152592585236,299.4827305675828,299.1649808384094,298.76383004252205,298.0311217985994,297.3574416417226,296.52002635379097,296.27482749519424,295.9918165554563,295.65455661098093,295.41574887775676,294.87995815775645,294.4309628422639,294.0069530792871,293.56879960853826,293.05493391284614,292.58772736684375,292.2421547708639,291.91462068758455,291.40846874363416,290.96593734356213,290.5303192606889,290.10268873389697,289.71508727437947,289.3696773505111,289.0442392723952,288.72556471368074,288.4046533145089,288.07647798194046,287.6954782565945,287.3707023102712,287.0000777251958,286.71644028200205,286.4649540808651,286.2069422014869,285.959347274645,285.69866276532065,285.46987546753417,285.2260289526316,284.9693535391941,284.7231808910968,284.4772851667909,284.18109156718907,283.809
60,307.2906651063148,307.10153113015707,306.91481767054165,306.7113549557204,306.5343908491666,306.307232107848,306.0428155504853,305.7768238217736,305.4870744721053,305.1873647223329,304.8615324948093,304.5520612952784,304.2166302061812,303.90565682027136,303.58974833611154,303.2585323413822,302.91925267482554,302.5662414911279,302.24603887182377,301.8804498447254,301.4942794453017,301.09437430892,300.69089510266065,300.26879713068763,299.8873652778573,299.4365219055993,298.7452080668035,298.45701813843726,297.4604904860932,296.92598811170916,296.49985973931285,296.18716985124655,295.87023236186474,295.5146923707938,295.0554412553977,294.62274438882594,294.2009700562266,293.7942728391406,293.37407438514,292.9361386374134,292.4628460419979,292.10692833916517,291.63775852278087,291.2164438778652,290.8276683962372,290.48351542563546,290.0335870322252,289.6373039525743,289.2726803199721,288.9303727063611,288.59739619251604,288.2665877734325,287.9224137590224,287.5370030239641,287.23853371549893,286.90746256495373,286.61689310926664,286.35507960156366,286.0846376811315,285.84434677014525,285.60992264692595,285.36964534227087,285.111537298144,284.87100241581624,284.6606139611071,284.37936865748395,284.10317754929815,283.745
61,307.06773690446187,306.87200588205326,306.6824225744499,306.4829594697358,306.30329155626583,306.0766130151375,305.80960944119187,305.54121387603254,305.2488533423686,304.95991998661367,304.62811079377985,304.32031320020326,303.9820694651877,303.6622213228772,303.3445466967357,303.0068012565864,302.6643366115775,302.3125002859216,301.78989663639027,301.41377128076556,301.0279544183602,300.81911512489404,300.41340471889504,299.9794625655805,299.6040172665595,299.1538847239233,298.63953396588306,297.8359423958959,297.12207387856284,296.65872602055623,296.2664898366475,295.92240919131183,295.5720971182562,295.2001751385666,294.79959282793186,294.3837676831386,293.9745028216836,293.57764985679125,293.1699195534205,292.7578617915089,292.33211254438635,291.89195070560487,291.45363330561315,291.067853244434,290.68680261698984,290.362100068641,289.93945670861655,289.52097399504265,289.150334042267,288.79789953033367,288.4552775373037,288.1114745104703,287.69786357364245,287.39214213096716,287.09299230232,286.79853547158933,286.49452121420677,286.2365935179648,285.96782100817455,285.7064945393376,285.4816034808506,285.2294039345954,284.9489924538869,284.74206149024604,284.524291556423,284.27255316250495,283.98928982191273,283.608
62,306.83463516726505,306.63407465918027,306.4466685160985,306.24331487154933,306.0571242921485,305.8271051990539,305.58424986377344,305.31349575992283,305.0059716273668,304.7153426199096,304.3893092473899,304.07650470940564,303.74621413932823,303.4251229032527,303.0955073052771,302.75438389642534,302.41987795567917,301.8847790975553,301.75801016283845,301.3717210551248,300.7476313364247,300.53993820236434,300.10979169673186,299.6757087437662,299.3369265204155,298.8863361043116,298.4106613000955,297.44197661947567,296.80376083933425,296.38952939226346,296.0282397764015,295.67834140062035,295.3157952538276,294.9457845544793,294.5530063626635,294.1454061773704,293.7439402930092,293.3504632067684,292.95524333396844,292.5597624657675,292.1635860202099,291.76444974023514,291.34906081332076,290.9457200812201,290.5381277930439,290.22398640636555,289.7811653577584,289.3901014828436,289.0129639652131,288.6556458315936,288.3028253512083,287.8815896846181,287.55087549775203,287.2474035872851,286.9536714921672,286.65402368627565,286.3666035897805,286.09002833556605,285.8388178269284,285.56927105717403,285.3165183357434,285.0537165597729,284.82609597172444,284.6047259151171,284.390912578377,284.1473293116214,283.8486200756704,283.465
63,306.6032433173603,306.4028104000416,306.2100810324125,306.0026053249503,305.81201705189403,305.5839797291469,305.33860353284615,305.06757749624336,304.7597825560752,304.4668037343842,303.926,303.83728357481937,303.50355089310784,303.1661265292887,302.8416857336279,302.49896449148304,302.1559786064818,301.80812376323854,301.49438540087834,301.0936288355294,300.471,300.062,299.82198114202157,299.37388454266363,299.0310291673516,298.5787437703147,298.0545762739777,297.192412907891,296.5459079820246,296.1622342151688,295.7951255727839,295.43522943776975,295.0660611697028,294.6908281958187,294.31135093835246,293.90674548191356,293.4932686524207,293.10132363269315,292.7229155858798,292.355366230338,291.9682763430193,291.5991349514319,291.211,290.796,290.364,289.974,289.599,289.24,288.88,288.509,288.126,287.769,287.422,287.103,286.808,286.502,286.208,285.928,285.663,285.393,285.138,284.854,284.616,284.367,284.165,283.908,283.5812504738359,283.2343347122906
