,totim,BCKGRND
0,2.5,3.669724770641837
1,5.0,7.204780742360918
2,7.5,10.61010988942951
3,10.0,13.89047282926627
4,12.5,17.0504554777328
5,15.0,20.09447546020056
6,17.5,23.02678828734838
7,20.0,25.85149330432563
8,22.5,28.57253942159726
9,25.0,31.19373063548277
10,27.5,33.71873134610637
11,30.0,36.15107148019333
12,32.5,38.4941514258734
13,35.0,40.75124678639087
14,37.5,42.92551295936641
15,40.0,45.01998954801255
16,42.5,47.03760461046984
17,45.0,48.98117875320393
18,47.5,50.85342907418631
19,50.0,52.65697296137115
20,52.5,54.39433175177856
21,55.0,56.06793425629943
22,57.5,57.68012015514983
23,60.0,59.23314326872129
24,62.5,60.72917470840023
25,65.0,62.17030591176066
26,67.5,63.55855156637388
27,70.0,64.89585242632243
28,72.5,66.18407802535543
29,75.0,67.42502929047897
30,77.5,68.62044105963469
31,80.0,69.7719845069865
32,82.5,70.88126947920613
33,85.0,71.94984674602323
34,87.5,72.97921016818647
35,90.0,73.97079878586665
36,92.5,74.92599883042095
37,95.0,75.8461456623311
38,97.5,76.73252563802434
39,100.0,77.58637790818754
40,102.5,78.40889615008786
41,105.0,79.2012302363221
42,107.5,79.96448784232763
43,110.0,80.69973599490174
44,112.5,81.40800256389514
45,115.0,82.09027769916402
46,117.5,82.74751521478998
47,120.0,83.38063392250307
48,122.5,83.99051891617168
49,125.0,84.5780228091552
50,127.5,85.14396692624942
51,130.0,85.68914245189062
52,132.5,86.21431153622387
53,135.0,86.7202083605816
54,137.5,87.20754016386196
55,140.0,87.67698823124222
56,142.5,88.1292088466085
57,145.0,88.56483421003473
58,147.5,88.9844733215921
59,150.0,89.38871283272536
60,152.5,89.77811786638583
61,155.0,90.15323280706792
62,157.5,90.51458206185342
63,160.0,90.86267079352753
64,162.5,91.19798562679156
65,165.0,91.52099532855974
66,167.5,91.83215146329054
67,170.0,92.13188902426975
68,172.5,92.4206270417268
69,175.0,92.69876916863495
70,177.5,92.96670424501437
71,180.0,93.22480684152666
72,182.5,93.47343778312106
73,185.0,93.71294465346428
74,187.5,93.94366228085912
75,190.0,94.16591320633121
76,192.5,94.38000813453836
77,195.0,94.5862463681324
78,197.5,94.78491622618168
79,200.0,94.97629544723833
80,202.5,95.16065157761402
81,205.0,95.33824234540708
82,207.5,95.50931602080408
83,210.0,95.674111763159
84,212.5,95.83285995533575
85,215.0,95.98578252578125
86,217.5,96.1330932587792
87,220.0,96.27499809331852
88,222.5,96.41169541099399
89,225.0,96.54337631334192
90,227.5,96.67022488899819
91,230.0,96.79241847105247
92,232.5,96.91012788495797
93,235.0,97.023517687344
94,237.5,97.13274639606448
95,240.0,97.23796671180439
96,242.5,97.33932573155384
97,245.0,97.43696515424828
98,247.5,97.53102147886219
99,250.0,97.62162619523338
100,252.5,97.7089059678845
101,255.0,97.79298281309892
102,257.5,97.8739742694981
103,260.0,97.9519935623597
104,262.5,98.02714976190529
105,265.0,98.09954793577947
106,267.5,98.1692892959335
107,270.0,98.23647134011858
108,272.5,98.30118798818678
109,275.0,98.3635297133901
110,277.5,98.42358366886117
111,280.0,98.48143380945264
112,282.5,98.53716100910499
113,285.0,98.59084317390771
114,287.5,98.64255535101125
115,290.0,98.69236983354217
116,292.5,98.7403562616683
117,295.0,98.78658171995491
118,297.5,98.83111083114845
119,300.0,98.87400584651837
120,302.5,98.91532673288388
121,305.0,98.955131256447
122,307.5,98.99347506354908
123,310.0,99.03041175846393
124,312.5,99.06599297833603
125,315.0,99.10026846536879
126,317.5,99.13328613636365
127,320.0,99.16509214970733
128,322.5,99.19573096990078
129,325.0,99.22524542972015
130,327.5,99.2536767900966
131,330.0,99.28106479779869
132,332.5,99.30744774099796
133,335.0,99.33286250279542
134,337.5,99.35734461278382
135,340.0,99.38092829671758
136,342.5,99.4036465243602
137,345.0,99.42553105557556
138,347.5,99.44661248472798
139,350.0,99.4669202834528
140,352.5,99.4864828418575
141,355.0,99.50532750821066
142,357.5,99.5234806271747
143,360.0,99.54096757663547
144,362.5,99.55781280318025
145,365.0,99.57403985627386
146,367.5,99.58967142118054
147,370.0,99.6047293506778
148,372.5,99.61923469560635
149,375.0,99.633207734299
150,377.5,99.64666800092952
151,380.0,99.65963431282131
152,382.5,99.67212479675378
153,385.0,99.6841569143034
154,387.5,99.69574748625487
155,390.0,99.70691271611638
156,392.5,99.71766821277195
157,395.0,99.72802901230256
158,397.5,99.73800959900635
159,400.0,99.74762392564763
160,402.5,99.7568854329626
161,405.0,99.76580706844952
162,407.5,99.77440130446902
163,410.0,99.78268015568045
164,412.5,99.79065519583827
165,415.0,99.79833757397193
166,417.5,99.80573802997226
167,420.0,99.8128669096056
168,422.5,99.81973417897717
169,425.0,99.82634943846355
170,427.5,99.83272193613392
171,430.0,99.83886058067877
172,432.5,99.84477395386416
173,435.0,99.85047032252899
174,437.5,99.8559576501419
175,440.0,99.86124360793416
176,442.5,99.86633558562403
177,445.0,99.87124070174728
178,447.5,99.87596581360914
179,450.0,99.88051752687056
180,452.5,99.88490220478293
181,455.0,99.88912597708385
182,457.5,99.89319474856639
183,460.0,99.89711420733397
184,462.5,99.90088983275228
185,465.0,99.90452690310937
186,467.5,99.90803050299465
187,470.0,99.91140553040707
188,472.5,99.91465670360252
189,475.0,99.91778856768988
190,477.5,99.92080550098504
191,480.0,99.92371172113175
192,482.5,99.92651129099784
193,485.0,99.92920812435507
194,487.5,99.93180599135059
195,490.0,99.93430852377746
196,492.5,99.93671922015197
197,495.0,99.93904145060448
198,497.5,99.94127846159084
199,500.0,99.94343338043092
200,502.5,99.94550921968055
201,505.0,99.94750888134301
202,507.5,99.94943516092613
203,510.0,99.95129075135023
204,512.5,99.9530782467129
205,515.0,99.95480014591548
206,517.5,99.9564588561565
207,520.0,99.95805669629692
208,522.5,99.95959590010192
209,525.0,99.9610786193636
210,527.5,99.96250692690926
211,530.0,99.96388281949913
212,532.5,99.9652082206178
213,535.0,99.96648498316331
214,537.5,99.96771489203743
215,540.0,99.96889966664095
216,542.5,99.97004096327736
217,545.0,99.97114037746837
218,547.5,99.97219944618452
219,550.0,99.97321964999362
220,552.5,99.97420241513085
221,555.0,99.97514911549239
222,557.5,99.97606107455626
223,560.0,99.97693956723246
224,562.5,99.97778582164533
225,565.0,99.97860102085038
226,567.5,99.97938630448827
227,570.0,99.980142770378
228,572.5,99.98087147605158
229,575.0,99.98157344023254
230,577.5,99.98224964426008
231,580.0,99.98290103346092
232,582.5,99.9835285184709
233,585.0,99.98413297650805
234,587.5,99.98471525259887
235,590.0,99.98527616075975
236,592.5,99.9858164851349
237,595.0,99.98633698109268
238,597.5,99.98683837628138
239,600.0,99.98732137164666
240,602.5,99.98778664241136
241,605.0,99.98823483901957
242,607.5,99.98866658804583
243,610.0,99.98908249307112
244,612.5,99.98948313552668
245,615.0,99.9898690755068
246,617.5,99.99024085255188
247,620.0,99.99059898640263
248,622.5,99.99094397772676
249,625.0,99.99127630881881
250,627.5,99.99159644427445
251,630.0,99.99190483163997
252,632.5,99.99220190203795
253,635.0,99.99248807076995
254,637.5,99.9927637378971
255,640.0,99.99302928879942
256,642.5,99.9932850947145
257,645.0,99.99353151325653
258,647.5,99.99376888891629
259,650.0,99.99399755354267
260,652.5,99.99421782680662
261,655.0,99.99443001664804
262,657.5,99.99463441970627
263,660.0,99.99483132173485
264,662.5,99.99502099800092
265,665.0,99.99520371367007
266,667.5,99.99537972417704
267,670.0,99.99554927558285
268,672.5,99.99571260491872
269,675.0,99.9958699405175
270,677.5,99.99602150233282
271,680.0,99.99616750224666
272,682.5,99.99630814436551
273,685.0,99.99644362530567
274,687.5,99.9965741344682
275,690.0,99.99669985430369
276,692.5,99.99682096056722
277,695.0,99.9969376225642
278,697.5,99.99705000338699
279,700.0,99.9971582601429
280,702.5,99.9972625441738
281,705.0,99.99736300126779
282,707.5,99.9974597718629
283,710.0,99.99755299124354
284,712.5,99.99764278972947
285,715.0,99.99772929285811
286,717.5,99.99781262156002
287,720.0,99.99789289232791
288,722.5,99.99797021737956
289,725.0,99.99804470481462
290,727.5,99.99811645876584
291,730.0,99.99818557954451
292,732.5,99.99825216378086
293,735.0,99.998316304559
294,737.5,99.99837809154711
295,740.0,99.99843761112281
296,742.5,99.99849494649389
297,745.0,99.99855017781469
298,747.5,99.9986033822981
299,750.0,99.99865463432339
300,752.5,99.99870400554042
301,755.0,99.99875156496967
302,757.5,99.99879737909875
303,760.0,99.99884151197539
304,762.5,99.99888402529693
305,765.0,99.99892497849656
306,767.5,99.9989644288265
307,770.0,99.9990024314379
308,772.5,99.99903903945807
309,775.0,99.99907430406464
310,777.5,99.9991082745572
311,780.0,99.99914099842621
312,782.5,99.99917252141927
313,785.0,99.99920288760525
314,787.5,99.99923213943579
315,790.0,99.99926031780466
316,792.5,99.99928746210493
317,795.0,99.99931361028409
318,797.5,99.99933879889704
319,800.0,99.99936306315723
320,802.5,99.99938643698587
321,805.0,99.99940895305932
322,807.5,99.99943064285483
323,810.0,99.99945153669455
324,812.5,99.99947166378786
325,815.0,99.99949105227225
326,817.5,99.99950972925261
327,820.0,99.99952772083921
328,822.5,99.99954505218409
329,825.0,99.99956174751632
330,827.5,99.9995778301758
331,830.0,99.99959332264594
332,832.5,99.99960824658507
333,835.0,99.99962262285672
334,837.5,99.99963647155876
335,840.0,99.99964981205154
336,842.5,99.99966266298496
337,845.0,99.99967504232448
338,847.5,99.99968696737633
339,850.0,99.9996984548116
340,852.5,99.9997095206896
341,855.0,99.99972018048035
342,857.5,99.9997304490861
343,860.0,99.99974034086229
344,862.5,99.99974986963751
345,865.0,99.99975904873291
346,867.5,99.99976789098078
347,870.0,99.99977640874248
348,872.5,99.99978461392578
349,875.0,99.99979251800144
350,877.5,99.99980013201927
351,880.0,99.9998074666236
352,882.5,99.99981453206813
353,885.0,99.9998213382303
354,887.5,99.99982789462506
355,890.0,99.99983421041817
356,892.5,99.99984029443907
357,895.0,99.99984615519313
358,897.5,99.99985180087364
359,900.0,99.99985723937321
360,902.5,99.99986247829482
361,905.0,99.99986752496244
362,907.5,99.99987238643124
363,910.0,99.99987706949751
364,912.5,99.99988158070815
365,915.0,99.98681096456251
366,917.5,99.97286154568789
367,920.0,99.95800234109076
368,922.5,99.94220241118236
369,925.0,99.92543089037056
370,927.5,99.90765701744716
371,930.0,99.88885016568607
372,932.5,99.86897987261487
373,935.0,99.84801586939975
374,937.5,99.82592810979664
375,940.0,99.80268679861986
376,942.5,99.77826241968273
377,945.0,99.7526257631664
378,947.5,99.72574795237614
379,950.0,99.69760046984607
380,952.5,99.66815518275617
381,955.0,99.63738436762775
382,957.5,99.6052607342661
383,960.0,99.57175744892149
384,962.5,99.5368481566422
385,965.0,99.50050700279614
386,967.5,99.46270865373953
387,970.0,99.42342831661402
388,972.5,99.38264175825603
389,975.0,99.34032532320421
390,977.5,99.29645595079384
391,980.0,99.25101119132862
392,982.5,99.20396922132313
393,985.0,99.15530885781142
394,987.5,99.10500957171847
395,990.0,99.05305150029473
396,992.5,98.99941545861454
397,995.0,98.94408295014233
398,997.5,98.88703617637114
399,1000.0,98.82825804554085
400,1002.5,98.76773218044431
401,1005.0,98.7054429253316
402,1007.5,98.64137535192414
403,1010.0,98.5755152645512
404,1012.5,98.50784920442342
405,1015.0,98.43836445305875
406,1017.5,98.36704903487701
407,1020.0,98.29389171898137
408,1022.5,98.21888202014443
409,1025.0,98.14201019901921
410,1027.5,98.0632672615947
411,1030.0,97.98264495791682
412,1032.5,97.90013578009659
413,1035.0,97.8157329596275
414,1037.5,97.7294304640345
415,1040.0,97.64122299287745
416,1042.5,97.55110597313261
417,1045.0,97.45907555397525
418,1047.5,97.36512860098729
419,1050.0,97.26926268981407
420,1052.5,97.17147609929336
421,1055.0,97.07176780408142
422,1057.5,96.97013746679957
423,1060.0,96.8665854297249
424,1062.5,96.76111270604925
425,1065.0,96.65372097072932
426,1067.5,96.54441255095225
427,1070.0,96.4331904162382
428,1072.5,96.32005816820416
429,1075.0,96.20502003001035
430,1077.5,96.08808083551178
431,1080.0,95.96924601813649
432,1082.5,95.84852159951157
433,1085.0,95.72591417785844
434,1087.5,95.60143091617667
435,1090.0,95.47507953023747
436,1092.5,95.34686827640533
437,1095.0,95.21680593930724
438,1097.5,95.08490181936772
439,1100.0,94.95116569675737
440,1102.5,94.81560789049468
441,1105.0,94.67823917248585
442,1107.5,94.53907077958391
443,1110.0,94.39811440071036
444,1112.5,94.25538216394236
445,1115.0,94.11088662357926
446,1117.5,93.96464074720292
447,1120.0,93.81665790274545
448,1122.5,93.66695184557695
449,1125.0,93.51553670562618
450,1127.5,93.3624269745456
451,1130.0,93.20763749293234
452,1132.5,93.05118343761595
453,1135.0,92.89308030902313
454,1137.5,92.73334391862927
455,1140.0,92.57199037650615
456,1142.5,92.40903607897444
457,1145.0,92.24449769636955
458,1147.5,92.07839216092839
459,1150.0,91.91073665480455
460,1152.5,91.74154859821881
461,1155.0,91.5708456377514
462,1157.5,91.39864563478216
463,1160.0,91.22496665408387
464,1162.5,91.04982695257463
465,1165.0,90.87324496823308
466,1167.5,90.69523930918197
467,1170.0,90.51582874294334
468,1172.5,90.3350321858694
469,1175.0,90.15286869275205
470,1177.5,89.96935744661474
471,1180.0,89.7845177486884
472,1182.5,89.59836900857454
473,1185.0,89.41093073459729
474,1187.5,89.22222252434592
475,1190.0,89.03226405540984
476,1192.5,88.8410750763069
477,1195.0,88.64867539760574
478,1197.5,88.45508488324364
479,1200.0,88.26032344203959
480,1202.5,88.064411019403
481,1205.0,87.8673675892385
482,1207.5,87.66921314604615
483,1210.0,87.4699676972168
484,1212.5,87.26965125552225
485,1215.0,87.06828383179936
486,1217.5,86.86588542782711
487,1220.0,86.66247602939556
488,1222.5,86.45807559956567
489,1225.0,86.25270407211883
490,1227.5,86.0463813451937
491,1230.0,85.83912727510999
492,1232.5,85.63096167037658
493,1235.0,85.42190428588259
494,1237.5,85.2119748172692
495,1240.0,85.00119289548051
496,1242.5,84.78957808149107
497,1245.0,84.57714986120797
498,1247.5,84.36392764054538
499,1250.0,84.14993074066899
500,1252.5,83.93517839340798
501,1255.0,83.71968973683245
502,1257.5,83.50348381099317
503,1260.0,83.28657955382178
504,1262.5,83.0689957971882
505,1265.0,82.85075126311334
506,1267.5,82.63186456013383
507,1270.0,82.4123541798164
508,1272.5,82.19223849341924
509,1275.0,81.97153574869762
510,1277.5,81.75026407395472
511,1280.0,81.52844144661272
512,1282.5,81.3060857333549
513,1285.0,81.08321465876779
514,1287.5,80.85984581002933
515,1290.0,80.63599663452206
516,1292.5,80.41168443757124
517,1295.0,80.18692638030463
518,1297.5,79.96173947763256
519,1300.0,79.73614059634404
520,1302.5,79.51014645331747
521,1305.0,79.28377361384223
522,1307.5,79.0570384900493
523,1310.0,78.82995733944756
524,1312.5,78.60254626356392
525,1315.0,78.37482120668385
526,1317.5,78.1467979546902
527,1320.0,77.91849213399787
528,1322.5,77.6899192105813
529,1325.0,77.46109448909276
530,1327.5,77.23203311206869
531,1330.0,77.00275005922174
532,1332.5,76.77326014681624
533,1335.0,76.54357802712428
534,1337.5,76.31371818796065
535,1340.0,76.083694952294
536,1342.5,75.85352247793172
537,1345.0,75.62321475727691
538,1347.5,75.39278561715467
539,1350.0,75.16224871870578
540,1352.5,74.93161755734576
541,1355.0,74.70090546278679
542,1357.5,74.47012559912108
543,1360.0,74.23929096496299
544,1362.5,74.0084143936483
545,1365.0,73.77750855348873
546,1367.5,73.54658594807948
547,1370.0,73.31565891665836
548,1372.5,73.0847396345141
549,1375.0,72.85384011344264
550,1377.5,72.62297220224927
551,1380.0,72.3921475872948
552,1382.5,72.16137779308468
553,1385.0,71.93067418289851
554,1387.5,71.7000479594592
555,1390.0,71.46951016563945
556,1392.5,71.23907168520475
557,1395.0,71.00874324359064
558,1397.5,70.77853540871334
559,1400.0,70.54845859181192
560,1402.5,70.31852304832103
561,1405.0,70.08873887877216
562,1407.5,69.85911602972293
563,1410.0,69.62966429471227
564,1412.5,69.40039331524093
565,1415.0,69.17131258177555
566,1417.5,68.94243143477536
567,1420.0,68.71375906574026
568,1422.5,68.48530451827918
569,1425.0,68.2570766891975
570,1427.5,68.02908432960263
571,1430.0,67.80133604602642
572,1432.5,67.57384030156358
573,1435.0,67.34660541702516
574,1437.5,67.11963957210587
575,1440.0,66.89295080656463
576,1442.5,66.66654702141699
577,1445.0,66.44043598013918
578,1447.5,66.21462530988215
579,1450.0,65.98912250269541
580,1452.5,65.76393491675957
581,1455.0,65.5390697776267
582,1457.5,65.31453417946808
583,1460.0,65.09033508632834
584,1462.5,64.86647933338529
585,1465.0,64.64297362821473
586,1467.5,64.41982455205984
587,1470.0,64.19703856110424
588,1472.5,63.97462198774792
589,1475.0,63.75258104188617
590,1477.5,63.53092181218986
591,1480.0,63.30965026738752
592,1482.5,63.08877225754792
593,1485.0,62.86829351536313
594,1487.5,62.64821965743137
595,1490.0,62.42855618553894
596,1492.5,62.20930848794111
597,1495.0,61.99048184064154
598,1497.5,61.7720814086692
599,1500.0,61.55411224735325
600,1502.5,61.3365793035947
601,1505.0,61.11948741713505
602,1507.5,60.90284132182095
603,1510.0,60.68664564686522
604,1512.5,60.47090491810321
605,1515.0,60.25562355924465
606,1517.5,60.04080589312051
607,1520.0,59.82645614292432
608,1522.5,59.61257843344831
609,1525.0,59.39917679231328
610,1527.5,59.18625515119263
611,1530.0,58.97381734702988
612,1532.5,58.76186712324962
613,1535.0,58.55040813096158
614,1537.5,58.33944393015766
615,1540.0,58.12897799090177
616,1542.5,57.9190136945121
617,1545.0,57.7095543347358
618,1547.5,57.50060311891581
619,1550.0,57.2921631691498
620,1552.5,57.08423752344082
621,1555.0,56.87682913683981
622,1557.5,56.66994088257961
623,1560.0,56.46357555320043
624,1562.5,56.2577358616666
625,1565.0,56.05242444247467
626,1567.5,55.84764385275246
627,1570.0,55.64339657334917
628,1572.5,55.4396850099165
629,1575.0,55.23651149398041
630,1577.5,55.0338782840039
631,1580.0,54.83178756644019
632,1582.5,54.63024145677675
633,1585.0,54.42924200056974
634,1587.5,54.22879117446911
635,1590.0,54.02889088723403
636,1592.5,53.82954298073879
637,1595.0,53.63074923096918
638,1597.5,53.43251134900909
639,1600.0,53.23483098201754
640,1602.5,53.03770971419599
641,1605.0,52.84114906774591
642,1607.5,52.64515050381682
643,1610.0,52.44971542344435
644,1612.5,52.25484516847876
645,1615.0,52.06054102250371
646,1617.5,51.86680421174524
647,1620.0,51.67363590597118
648,1622.5,51.48103721938072
649,1625.0,51.2890092114844
650,1627.5,51.09755288797442
651,1630.0,50.90666920158527
652,1632.5,50.71635905294489
653,1635.0,50.52662329141598
654,1637.5,50.3374627159281
655,1640.0,50.14887807579995
656,1642.5,49.96087007155234
657,1645.0,49.77343935571167
658,1647.5,49.58658653360398
659,1650.0,49.40031216413973
660,1652.5,49.21461676058912
661,1655.0,49.02950079134826
662,1657.5,48.84496468069609
663,1660.0,48.66100880954213
664,1662.5,48.47763351616506
665,1665.0,48.29483909694233
666,1667.5,48.1126258070707
667,1670.0,47.93099386127785
668,1672.5,47.74994343452511
669,1675.0,47.56947466270135
670,1677.5,47.38958764330805
671,1680.0,47.21028243613575
672,1682.5,47.03155906393182
673,1685.0,46.85341751305958
674,1687.5,46.67585773414901
675,1690.0,46.49887964273901
676,1692.5,46.32248311991112
677,1695.0,46.14666801291514
678,1697.5,45.97143413578632
679,1700.0,45.79678126995453
680,1702.5,45.62270916484518
681,1705.0,45.44921753847219
682,1707.5,45.27630607802298
683,1710.0,45.10397444043551
684,1712.5,44.9322222529676
685,1715.0,44.76104911375838
686,1717.5,44.59045459238214
687,1720.0,44.42043823039452
688,1722.5,44.25099954187123
689,1725.0,44.08213801393922
690,1727.5,43.91385310730054
691,1730.0,43.74614425674882
692,1732.5,43.5790108716786
693,1735.0,43.41245233658729
694,1737.5,43.24646801157036
695,1740.0,43.08105723280918
696,1742.5,42.91621931305202
697,1745.0,42.75195354208834
698,1747.5,42.58825918721598
699,1750.0,42.42513549370189
700,1752.5,42.26258168523604
701,1755.0,42.10059696437874
702,1757.5,41.93918051300157
703,1760.0,41.77833149272178
704,1762.5,41.61804904533029
705,1765.0,41.45833229321345
706,1767.5,41.29918033976863
707,1770.0,41.1405922698135
708,1772.5,40.98256714998934
709,1775.0,40.82510402915835
710,1777.5,40.6682019387949
711,1780.0,40.51185989337105
712,1782.5,40.35607689073615
713,1785.0,40.20085191249078
714,1787.5,40.046183924355
715,1790.0,39.89207187653099
716,1792.5,39.73851470406014
717,1795.0,39.58551132717476
718,1797.5,39.43306065164425
719,1800.0,39.28116156911612
720,1802.5,39.12981295745163
721,1805.0,38.97901368105624
722,1807.5,38.82876259120489
723,1810.0,38.67905852636239
724,1812.5,38.52990031249856
725,1815.0,38.38128676339861
726,1817.5,38.23321668096857
727,1820.0,38.08568885553587
728,1822.5,37.93870206614527
729,1825.0,37.79225508085002
730,1827.5,37.64634665699837
731,1830.0,37.50097554151561
732,1832.5,37.35614047118145
733,1835.0,37.21184017290311
734,1837.5,37.06807336398388
735,1840.0,36.92483875238744
736,1842.5,36.78213503699787
737,1845.0,36.63996090787541
738,1847.5,36.49831504650809
739,1850.0,36.35719612605926
740,1852.5,36.21660281161105
741,1855.0,36.07653376040383
742,1857.5,35.93698762207177
743,1860.0,35.79796303887437
744,1862.5,35.65945864592439
745,1865.0,35.52147307141183
746,1867.5,35.38400493682416
747,1870.0,35.24705285716301
748,1872.5,35.11061544115708
749,1875.0,34.97469129147157
750,1877.5,34.83927900491415
751,1880.0,34.70437717263712
752,1882.5,34.56998438033666
753,1885.0,34.43609920844823
754,1887.5,34.3027202323389
755,1890.0,34.16984602249627
756,1892.5,34.0374751447143
757,1895.0,33.90560616027571
758,1897.5,33.77423762613151
759,1900.0,33.6433680950772
760,1902.5,33.51299611592597
761,1905.0,33.38312023367907
762,1907.5,33.25373898969289
763,1910.0,33.12485092184338
764,1912.5,32.99645456468744
765,1915.0,32.86854844962157
766,1917.5,32.74113110503761
767,1920.0,32.61420105647576
768,1922.5,32.487756826775
769,1925.0,32.3617969362206
770,1927.5,32.2363199026892
771,1930.0,32.11132424179115
772,1932.5,31.98680846701038
773,1935.0,31.86277108984172
774,1937.5,31.73921061992565
775,1940.0,31.61612556518075
776,1942.5,31.49351443193363
777,1945.0,31.37137572504654
778,1947.5,31.2497079480425
779,1950.0,31.12850960322841
780,1952.5,31.00777919181558
781,1955.0,30.88751521403819
782,1957.5,30.76771616926955
783,1960.0,30.6483805561361
784,1962.5,30.52950687262937
785,1965.0,30.41109361621577
786,1967.5,30.29313928394434
787,1970.0,30.17564237255244
788,1972.5,30.0586013785695
789,1975.0,29.94201479841863
790,1977.5,29.82588112851644
791,1980.0,29.71019886537094
792,1982.5,29.59496650567741
793,1985.0,29.48018254641256
794,1987.5,29.36584548492676
795,1990.0,29.25195381903456
796,1992.5,29.13850604710334
797,1995.0,29.02550066814031
798,1997.5,28.91293618187767
799,2000.0,28.80081108885621
800,2002.5,28.68912389050717
801,2005.0,28.57787308923245
802,2007.5,28.46705718848329
803,2010.0,28.35667469283722
804,2012.5,28.24672410807362
805,2015.0,28.13720394124758
806,2017.5,28.02811270076236
807,2020.0,27.91944889644034
808,2022.5,27.81121103959243
809,2025.0,27.70339764308611
810,2027.5,27.59600722141206
811,2030.0,27.48903829074935
812,2032.5,27.38248936902924
813,2035.0,27.27635897599773
814,2037.5,27.17064563327662
815,2040.0,27.0653478644234
816,2042.5,26.96046419498983
817,2045.0,26.85599315257915
818,2047.5,26.75193326690216
819,2050.0,26.64828306983204
820,2052.5,26.54504109545792
821,2055.0,26.44220588013732
822,2057.5,26.33977596254739
823,2060.0,26.23774988373501
824,2062.5,26.1361261871658
825,2065.0,26.03490341877189
826,2067.5,25.93408012699879
827,2070.0,25.83365486285098
828,2072.5,25.73362617993664
829,2075.0,25.63399263451116
830,2077.5,25.53475278551979
831,2080.0,25.43590519463915
832,2082.5,25.33744842631782
833,2085.0,25.23938104781596
834,2087.5,25.14170162924392
835,2090.0,25.04440874359999
836,2092.5,24.94750096680718
837,2095.0,24.85097687774903
838,2097.5,24.75483505830469
839,2100.0,24.65907409338292
840,2102.5,24.56369257095539
841,2105.0,24.46868908208906
842,2107.5,24.37406222097771
843,2110.0,24.27981058497265
844,2112.5,24.18593277461271
845,2115.0,24.0924273936533
846,2117.5,23.99929304909478
847,2120.0,23.90652835121007
848,2122.5,23.81413191357145
849,2125.0,23.7221023530766
850,2127.5,23.63043828997408
851,2130.0,23.53913834788785
852,2132.5,23.44820115384129
853,2135.0,23.35762533828038
854,2137.5,23.26740953509636
855,2140.0,23.17755238164754
856,2142.5,23.08805251878059
857,2145.0,22.99890859085113
858,2147.5,22.91011924574371
859,2150.0,22.82168313489115
860,2152.5,22.73359891329324
861,2155.0,22.64586523953495
862,2157.5,22.55848077580387
863,2160.0,22.47144418790725
864,2162.5,22.38475414528839
865,2165.0,22.2984093210424
866,2167.5,22.21240839193157
867,2170.0,22.12675003840008
868,2172.5,22.04143294458818
869,2175.0,21.95645579834595
870,2177.5,21.87181729124639
871,2180.0,21.78751611859818
872,2182.5,21.70355097945784
873,2185.0,21.61992057664141
874,2187.5,21.53662361673569
875,2190.0,21.45365881010896
876,2192.5,21.37102487092135
877,2195.0,21.28872051713463
878,2197.5,21.20674447052159
879,2200.0,21.12509545667509
880,2202.5,21.04377220501654
881,2205.0,20.96277344880404
882,2207.5,20.88209792514008
883,2210.0,20.80174437497892
884,2212.5,20.72171154313338
885,2215.0,20.64199817828146
886,2217.5,20.56260303297245
887,2220.0,20.48352486363273
888,2222.5,20.4047624305711
889,2225.0,20.32631449798389
890,2227.5,20.24817983395964
891,2230.0,20.17035721048336
892,2232.5,20.09284540344065
893,2235.0,20.01564319262128
894,2237.5,19.93874936172254
895,2240.0,19.86216269835229
896,2242.5,19.78588199403159
897,2245.0,19.70990604419719
898,2247.5,19.63423364820351
899,2250.0,19.55886360932449
900,2252.5,19.48379473475507
901,2255.0,19.4090258356124
902,2257.5,19.33455572693678
903,2260.0,19.26038322769229
904,2262.5,19.18650716076719
905,2265.0,19.112926352974
906,2267.5,19.03963963504945
907,2270.0,18.96664584165396
908,2272.5,18.89394381137108
909,2275.0,18.8215323867066
910,2277.5,18.74941041408738
911,2280.0,18.67757674385997
912,2282.5,18.60603023028907
913,2285.0,18.53476973155572
914,2287.5,18.46379410975517
915,2290.0,18.39310223089469
916,2292.5,18.32269296489112
917,2295.0,18.25256518556809
918,2297.5,18.18271777065327
919,2300.0,18.11314960177519
920,2302.5,18.04385956446
921,2305.0,17.974846548128
922,2307.5,17.90610944609001
923,2310.0,17.83764715554347
924,2312.5,17.7694585775685
925,2315.0,17.70154261712362
926,2317.5,17.63389818304148
927,2320.0,17.56652418802426
928,2322.5,17.499419548639
929,2325.0,17.43258318531273
930,2327.5,17.36601402232746
931,2330.0,17.29971098781501
932,2332.5,17.23367301375168
933,2335.0,17.16789903595281
934,2337.5,17.10238799406712
935,2340.0,17.03713883157101
936,2342.5,16.97215049576262
937,2345.0,16.90742193775583
938,2347.5,16.84295211247412
939,2350.0,16.77873997864424
940,2352.5,16.71478449878981
941,2355.0,16.65108463922481
942,2357.5,16.58763937004691
943,2360.0,16.52444766513069
944,2362.5,16.46150850212075
945,2365.0,16.39882086242473
946,2367.5,16.33638373120619
947,2370.0,16.2741960973774
948,2372.5,16.21225695359201
949,2375.0,16.15056529623764
950,2377.5,16.08912012542836
951,2380.0,16.02792044499709
952,2382.5,15.96696526248785
953,2385.0,15.906253589148
954,2387.5,15.84578443992033
955,2390.0,15.78555683343505
956,2392.5,15.72556979200183
957,2395.0,15.66582234160152
958,2397.5,15.60631351187803
959,2400.0,15.54704233612997
960,2402.5,15.48800785130226
961,2405.0,15.42920909797774
962,2407.5,15.37064512036856
963,2410.0,15.31231496630765
964,2412.5,15.25421768723999
965,2415.0,15.19635233821394
966,2417.5,15.13871797787241
967,2420.0,15.08131366844397
968,2422.5,15.024138475734
969,2425.0,14.96719146911562
970,2427.5,14.91047172152074
971,2430.0,14.85397830943092
972,2432.5,14.7977103128682
973,2435.0,14.74166681538595
974,2437.5,14.68584690405958
975,2440.0,14.63024966947724
976,2442.5,14.57487420573053
977,2445.0,14.519719610405
978,2447.5,14.46478498457082
979,2450.0,14.41006943277322
980,2452.5,14.35557206302299
981,2455.0,14.30129198678694
982,2457.5,14.24722831897826
983,2460.0,14.1933801779469
984,2462.5,14.13974668546989
985,2465.0,14.08632696674164
986,2467.5,14.03312015036417
987,2470.0,13.98012536833735
988,2472.5,13.92734175604909
989,2475.0,13.8747684522655
990,2477.5,13.82240459912105
991,2480.0,13.77024934210863
992,2482.5,13.71830183006967
993,2485.0,13.66656121518416
994,2487.5,13.61502665296074
995,2490.0,13.56369730222666
996,2492.5,13.51257232511777
997,2495.0,13.46165088706853
998,2497.5,13.4109321568019
999,2500.0,13.36041530631933
1000,2502.5,13.31009951089064
1001,2505.0,13.2599839490439
1002,2507.5,13.21006780255535
1003,2510.0,13.16035025643925
1004,2512.5,13.11083049893772
1005,2515.0,13.0615077215106
1006,2517.5,13.01238111882526
1007,2520.0,12.96344988874646
1008,2522.5,12.91471323232609
1009,2525.0,12.86617035379303
1010,2527.5,12.81782046054292
1011,2530.0,12.76966276312791
1012,2532.5,12.7216964752465
1013,2535.0,12.67392081373327
1014,2537.5,12.62633499854865
1015,2540.0,12.57893825276869
1016,2542.5,12.53172980257481
1017,2545.0,12.48470887724357
1018,2547.5,12.43787470913638
1019,2550.0,12.39122653368933
1020,2552.5,12.34476358940287
1021,2555.0,12.29848511783158
1022,2557.5,12.25239036357394
1023,2560.0,12.20647857426208
1024,2562.5,12.1607490005515
1025,2565.0,12.11520089611087
1026,2567.5,12.06983351761177
1027,2570.0,12.02464612471845
1028,2572.5,11.97963798007762
1029,2575.0,11.9348083493082
1030,2577.5,11.89015650099111
1031,2580.0,11.84568170665906
1032,2582.5,11.80138324078633
1033,2585.0,11.75726038077856
1034,2587.5,11.7133124069626
1035,2590.0,11.66953860257627
1036,2592.5,11.62593825375821
1037,2595.0,11.58251064953773
1038,2597.5,11.5392550818246
1039,2600.0,11.49617084539896
1040,2602.5,11.45325723790115
1041,2605.0,11.41051355982157
1042,2607.5,11.36793911449059
1043,2610.0,11.32553320806847
1044,2612.5,11.2832951495352
1045,2615.0,11.24122425068046
1046,2617.5,11.19931982609359
1047,2620.0,11.15758119315346
1048,2622.5,11.11600767201851
1049,2625.0,11.07459858561667
1050,2627.5,11.03335325963538
1051,2630.0,10.99227102251156
1052,2632.5,10.95135120542169
1053,2635.0,10.91059314227181
1054,2637.5,10.86999616968754
1055,2640.0,10.82955962700423
1056,2642.5,10.78928285625696
1057,2645.0,10.74916520217072
1058,2647.5,10.70920601215046
1059,2650.0,10.66940463627128
1060,2652.5,10.62976042726855
1061,2655.0,10.5902727405281
1062,2657.5,10.5509409340764
1063,2660.0,10.51176436857081
1064,2662.5,10.47274240728974
1065,2665.0,10.43387441612296
1066,2667.5,10.39515976356183
1067,2670.0,10.35659782068962
1068,2672.5,10.31818796117177
1069,2675.0,10.27992956124628
1070,2677.5,10.241821999714
1071,2680.0,10.20386465792904
1072,2682.5,10.16605691978912
1073,2685.0,10.12839817172603
1074,2687.5,10.09088780269603
1075,2690.0,10.05352520417031
1076,2692.5,10.01630977012544
1077,2695.0,9.979240897033938
1078,2697.5,9.942317983854704
1079,2700.0,9.905540432023617
1080,2702.5,9.868907645444082
1081,2705.0,9.832419030477611
1082,2707.5,9.796073995934448
1083,2710.0,9.759871953064177
1084,2712.5,9.723812315546404
1085,2715.0,9.687894499481411
1086,2717.5,9.652117923380878
1087,2720.0,9.616482008158599
1088,2722.5,9.58098617712122
1089,2725.0,9.54562985595904
1090,2727.5,9.510412472736782
1091,2730.0,9.47533345788442
1092,2732.5,9.440392244188027
1093,2735.0,9.40558826678065
1094,2737.5,9.370920963133198
1095,2740.0,9.336389773045346
1096,2742.5,9.301994138636504
1097,2745.0,9.26773350433677
1098,2747.5,9.233607316877924
1099,2750.0,9.199615025284439
1100,2752.5,9.165756080864542
1101,2755.0,9.132029937201256
1102,2757.5,9.098436050143512
1103,2760.0,9.064973877797264
1104,2762.5,9.031642880516628
1105,2765.0,8.998442520895056
1106,2767.5,8.965372263756517
1107,2770.0,8.932431576146735
1108,2772.5,8.89961992732442
1109,2775.0,8.866936788752556
1110,2777.5,8.834381634089679
1111,2780.0,8.801953939181207
1112,2782.5,8.769653182050806
1113,2785.0,8.73747884289174
1114,2787.5,8.70543040405828
1115,2790.0,8.67350735005713
1116,2792.5,8.641709167538902
1117,2795.0,8.610035345289557
1118,2797.5,8.578485374221943
1119,2800.0,8.547058747367307
1120,2802.5,8.515754959866861
1121,2805.0,8.484573508963374
1122,2807.5,8.453513893992763
1123,2810.0,8.422575616375749
1124,2812.5,8.391758179609504
1125,2815.0,8.361061089259369
1126,2817.5,8.330483852950534
1127,2820.0,8.300025980359806
1128,2822.5,8.269686983207372
1129,2825.0,8.23946637524859
1130,2827.5,8.209363672265823
1131,2830.0,8.179378392060274
1132,2832.5,8.149510054443867
1133,2835.0,8.119758181231154
1134,2837.5,8.090122296231243
1135,2840.0,8.060601925239746
1136,2842.5,8.031196596030767
1137,2845.0,8.001905838348911
1138,2847.5,7.972729183901315
1139,2850.0,7.943666166349707
1140,2852.5,7.914716321302504
1141,2855.0,7.885879186306923
1142,2857.5,7.857154300841119
1143,2860.0,7.828541206306356
1144,2862.5,7.800039446019194
1145,2865.0,7.771648565203725
1146,2867.5,7.743368110983814
1147,2870.0,7.715197632375363
1148,2872.5,7.687136680278624
1149,2875.0,7.659184807470521
1150,2877.5,7.631341568597011
1151,2880.0,7.60360652016545
1152,2882.5,7.575979220537012
1153,2885.0,7.548459229919107
1154,2887.5,7.521046110357866
1155,2890.0,7.493739425730598
1156,2892.5,7.466538741738329
1157,2895.0,7.439443625898311
1158,2897.5,7.412453647536608
1159,2900.0,7.385568377780686
1160,2902.5,7.358787389552024
1161,2905.0,7.332110257558748
1162,2907.5,7.305536558288322
1163,2910.0,7.27906587000023
1164,2912.5,7.252697772718699
1165,2915.0,7.226431848225446
1166,2917.5,7.200267680052456
1167,2920.0,7.17420485347478
1168,2922.5,7.14824295550336
1169,2925.0,7.122381574877881
1170,2927.5,7.096620302059649
1171,2930.0,7.070958729224494
1172,2932.5,7.045396450255701
1173,2935.0,7.019933060736959
1174,2937.5,6.994568157945352
1175,2940.0,6.969301340844353
1176,2942.5,6.944132210076871
1177,2945.0,6.919060367958293
1178,2947.5,6.894085418469581
1179,2950.0,6.869206967250368
1180,2952.5,6.844424621592101
1181,2955.0,6.819737990431199
1182,2957.5,6.795146684342233
1183,2960.0,6.770650315531144
1184,2962.5,6.746248497828474
1185,2965.0,6.721940846682624
1186,2967.5,6.697726979153144
1187,2970.0,6.673606513904045
1188,2972.5,6.649579071197131
1189,2975.0,6.62564427288536
1190,2977.5,6.601801742406233
1191,2980.0,6.578051104775205
1192,2982.5,6.554391986579116
1193,2985.0,6.530824015969658
1194,2987.5,6.507346822656853
1195,2990.0,6.483960037902567
1196,2992.5,6.460663294514045
1197,2995.0,6.437456226837468
1198,2997.5,6.414338470751539
1199,3000.0,6.391309663661088
1200,3002.5,6.368369444490704
1201,3005.0,6.345517453678396
1202,3007.5,6.322753333169271
1203,3010.0,6.300076726409237
1204,3012.5,6.277487278338739
1205,3015.0,6.254984635386504
1206,3017.5,6.232568445463324
1207,3020.0,6.210238357955856
1208,3022.5,6.187994023720447
1209,3025.0,6.165835095076982
1210,3027.5,6.143761225802765
1211,3030.0,6.121772071126401
1212,3032.5,6.099867287721729
1213,3035.0,6.07804653370176
1214,3037.5,6.056309468612646
1215,3040.0,6.034655753427673
1216,3042.5,6.013085050541269
1217,3045.0,5.991597023763049
1218,3047.5,5.970191338311873
1219,3050.0,5.948867660809929
1220,3052.5,5.927625659276845
1221,3055.0,5.906465003123811
1222,3057.5,5.885385363147744
1223,3060.0,5.864386411525452
1224,3062.5,5.843467821807844
1225,3065.0,5.822629268914147
1226,3067.5,5.80187042912615
1227,3070.0,5.781190980082475
1228,3072.5,5.760590600772868
1229,3075.0,5.740068971532505
1230,3077.5,5.719625774036335
1231,3080.0,5.699260691293439
1232,3082.5,5.678973407641401
1233,3085.0,5.658763608740715
1234,3087.5,5.638630981569216
1235,3090.0,5.618575214416518
1236,3092.5,5.598595996878486
1237,3095.0,5.578693019851732
1238,3097.5,5.55886597552812
1239,3100.0,5.539114557389307
1240,3102.5,5.519438460201295
1241,3105.0,5.499837380009014
1242,3107.5,5.480311014130921
1243,3110.0,5.460859061153623
1244,3112.5,5.441481220926516
1245,3115.0,5.422177194556451
1246,3117.5,5.402946684402426
1247,3120.0,5.38378939407029
1248,3122.5,5.364705028407469
1249,3125.0,5.345693293497725
1250,3127.5,5.326753896655918
1251,3130.0,5.307886546422803
1252,3132.5,5.289090952559843
1253,3135.0,5.270366826044047
1254,3137.5,5.251713879062819
1255,3140.0,5.233131825008836
1256,3142.5,5.214620378474948
1257,3145.0,5.196179255249097
1258,3147.5,5.177808172309246
1259,3150.0,5.15950684781835
1260,3152.5,5.141275001119329
1261,3155.0,5.123112352730066
1262,3157.5,5.105018624338431
1263,3160.0,5.086993538797319
1264,3162.5,5.069036820119713
1265,3165.0,5.051148193473762
1266,3167.5,5.033327385177881
1267,3170.0,5.015574122695878
1268,3172.5,4.997888134632086
1269,3175.0,4.980269150726535
1270,3177.5,4.962716901850118
1271,3180.0,4.945231119999803
1272,3182.5,4.927811538293844
1273,3185.0,4.910457890967032
1274,3187.5,4.893169913365944
1275,3190.0,4.87594734194422
1276,3192.5,4.858789914257871
1277,3195.0,4.841697368960588
1278,3197.5,4.82466944579908
1279,3200.0,4.807705885608426
1280,3202.5,4.790806430307464
1281,3205.0,4.773970822894168
1282,3207.5,4.757198807441068
1283,3210.0,4.740490129090679
1284,3212.5,4.72384453405096
1285,3215.0,4.70726176959077
1286,3217.5,4.690741584035368
1287,3220.0,4.67428372676191
1288,3222.5,4.657887948194988
1289,3225.0,4.641553999802153
1290,3227.5,4.625281634089499
1291,3230.0,4.609070604597227
1292,3232.5,4.592920665895256
1293,3235.0,4.57683157357883
1294,3237.5,4.560803084264164
1295,3240.0,4.544834955584085
1296,3242.5,4.528926946183719
1297,3245.0,4.513078829623509
1298,3247.5,4.497290352122253
1299,3250.0,4.48156127534959
1300,3252.5,4.46589136197004
1301,3255.0,4.450280375638754
1302,3257.5,4.434728080997308
1303,3260.0,4.419234243669504
1304,3262.5,4.403798630257183
1305,3265.0,4.388421008336066
1306,3267.5,4.373101146451616
1307,3270.0,4.357838814114889
1308,3272.5,4.34263378179844
1309,3275.0,4.327485820932218
1310,3277.5,4.312394703899489
1311,3280.0,4.297360204032786
1312,3282.5,4.282382095609851
1313,3285.0,4.267460153849616
1314,3287.5,4.252594154908189
1315,3290.0,4.237783875874864
1316,3292.5,4.223029094768142
1317,3295.0,4.208329590531777
1318,3297.5,4.193685143030824
1319,3300.0,4.179095533047716
1320,3302.5,4.164560542278353
1321,3305.0,4.150079953328207
1322,3307.5,4.135653549708453
1323,3310.0,4.121281115832091
1324,3312.5,4.106962437010113
1325,3315.0,4.092697299447671
1326,3317.5,4.078485490240265
1327,3320.0,4.064326797369941
1328,3322.5,4.050221009701513
1329,3325.0,4.036167916978804
1330,3327.5,4.022167309820887
1331,3330.0,4.008218979718351
1332,3332.5,3.994322719029598
1333,3335.0,3.980478320977117
1334,3337.5,3.966685579643821
1335,3340.0,3.952944289969364
1336,3342.5,3.939254247746481
1337,3345.0,3.925615249617359
1338,3347.5,3.912027093070008
1339,3350.0,3.898489576434646
1340,3352.5,3.885002498880113
1341,3355.0,3.871565660410286
1342,3357.5,3.85817886186052
1343,3360.0,3.844841904894091
1344,3362.5,3.831554591998674
1345,3365.0,3.818316726482813
1346,3367.5,3.805128112472424
1347,3370.0,3.791988554907302
1348,3372.5,3.778897859537651
1349,3375.0,3.765855832920618
1350,3377.5,3.752862282416853
1351,3380.0,3.739917016187077
1352,3382.5,3.727019843188667
1353,3385.0,3.714170573172253
1354,3387.5,3.701369016678329
1355,3390.0,3.688614985033889
1356,3392.5,3.675908290349058
1357,3395.0,3.663248745513758
1358,3397.5,3.650636164194369
1359,3400.0,3.638070360830421
1360,3402.5,3.625551150631286
1361,3405.0,3.613078349572896
1362,3407.5,3.600651774394468
1363,3410.0,3.588271242595244
1364,3412.5,3.575936572431244
1365,3415.0,3.563647582912037
1366,3417.5,3.551404093797519
1367,3420.0,3.539205925594712
1368,3422.5,3.527052899554575
1369,3425.0,3.51494483766882
1370,3427.5,3.502881562666757
1371,3430.0,3.490862898012135
1372,3432.5,3.478888667900014
1373,3435.0,3.466958697253636
1374,3437.5,3.455072811721318
1375,3440.0,3.443230837673353
1376,3442.5,3.431432602198929
1377,3445.0,3.419677933103058
1378,3447.5,3.407966658903519
1379,3450.0,3.396298608827812
1380,3452.5,3.38467361281013
1381,3455.0,3.373091501488342
1382,3457.5,3.361552106200981
1383,3460.0,3.350055258984259
1384,3462.5,3.338600792569086
1385,3465.0,3.327188540378101
1386,3467.5,3.315818336522717
1387,3470.0,3.304490015800187
1388,3472.5,3.293203413690664
1389,3475.0,3.281958366354296
1390,3477.5,3.270754710628315
1391,3480.0,3.25959228402415
1392,3482.5,3.248470924724542
1393,3485.0,3.237390471580688
1394,3487.5,3.226350764109374
1395,3490.0,3.215351642490146
1396,3492.5,3.204392947562467
1397,3495.0,3.193474520822912
1398,3497.5,3.182596204422353
1399,3500.0,3.171757841163172
1400,3502.5,3.160959274496474
1401,3505.0,3.150200348519324
1402,3507.5,3.139480907971981
1403,3510.0,3.12880079823516
1404,3512.5,3.118159865327295
1405,3515.0,3.107557955901816
1406,3517.5,3.096994917244439
1407,3520.0,3.086470597270468
1408,3522.5,3.075984844522107
1409,3525.0,3.065537508165783
1410,3527.5,3.055128437989486
1411,3530.0,3.044757484400113
1412,3532.5,3.034424498420825
1413,3535.0,3.024129331688423
1414,3537.5,3.013871836450724
1415,3540.0,3.003651865563955
1416,3542.5,2.99346927249016
1417,3545.0,2.98332391129461
1418,3547.5,2.973215636643234
1419,3550.0,2.963144303800052
1420,3552.5,2.953109768624628
1421,3555.0,2.943111887569527
1422,3557.5,2.933150517677786
1423,3560.0,2.923225516580392
1424,3562.5,2.913336742493778
1425,3565.0,2.903484054217327
1426,3567.5,2.893667311130883
1427,3570.0,2.883886373192272
1428,3572.5,2.874141100934846
1429,3575.0,2.864431355465021
1430,3577.5,2.854756998459839
1431,3580.0,2.845117892164531
1432,3582.5,2.835513899390094
1433,3585.0,2.825944883510881
1434,3587.5,2.816410708462202
1435,3590.0,2.806911238737926
1436,3592.5,2.797446339388106
1437,3595.0,2.788015876016605
1438,3597.5,2.778619714778735
1439,3600.0,2.769257722378911
1440,3602.5,2.759929766068305
1441,3605.0,2.750635713642522
1442,3607.5,2.741375433439276
1443,3610.0,2.73214879433608
1444,3612.5,2.722955665747949
1445,3615.0,2.71379591762511
1446,3617.5,2.704669420450716
1447,3620.0,2.695576045238586
1448,3622.5,2.686515663530935
1449,3625.0,2.677488147396129
1450,3627.5,2.668493369426443
1451,3630.0,2.659531202735828
1452,3632.5,2.650601520957694
1453,3635.0,2.641704198242691
1454,3637.5,2.632839109256515
1455,3640.0,2.624006129177709
1456,3642.5,2.615205133695483
1457,3645.0,2.60643599900754
1458,3647.5,2.597698601817907
1459,3650.0,2.58899281933479
