total_inner_iterations,totim,kper,kstp,nouter,ninner,solution_inner_dvmax,solution_inner_dvmax_model,solution_inner_dvmax_node,solution_inner_rmax,solution_inner_rmax_model,solution_inner_rmax_node,solution_inner_alpha,solution_inner_omega
1,1.000000000000000,1,1,1,1,6.525261023625889,1,13797,-34.65541617789501,1,10802,1.000004,1.114711
2,1.000000000000000,1,1,1,2,.6407500943807838,1,1822,-2.428565543982335,1,10772,1.595367,0.8948335
3,1.000000000000000,1,1,1,3,.3732992063025516E-01,1,1793,-.6975743578442489,1,10699,0.4460813,1.205784
4,1.000000000000000,1,1,1,4,.1528618950921524E-01,1,1720,-.8036988850552940E-01,1,10772,3.242440,0.7728592
5,1.000000000000000,1,1,1,5,.1806455152928953E-02,1,1793,-.5276324857914093E-02,1,10772,0.8284902,1.935680
6,1.000000000000000,1,1,1,6,.7057393790012232E-04,1,1793,-.5768265768798200E-04,1,13646,1.551691,0.9243805
7,1.000000000000000,1,1,1,7,.7515996761006523E-06,1,1748,-.1193375896527887E-04,1,10772,0.8035864,1.341753
8,1.000000000000000,1,1,2,1,-6.744692960714428,1,1825,10.05674126573851,1,13643,1.000019,1.015775
9,1.000000000000000,1,1,2,2,-.4042121205398055E-02,1,13643,.5034257835788702E-02,1,13643,1.015326,0.9663230
10,1.000000000000000,1,1,2,3,-.8113066463245491E-05,1,13644,.8062874149370434E-06,1,13643,0.9929273,1.029593
11,1.000000000000000,1,1,3,1,-.7036637949955422E-01,1,2615,.7727515367131905,1,10685,1.000031,1.002237
12,1.000000000000000,1,1,3,2,-.9457327275911433E-03,1,1633,.5509343318718037E-02,1,10685,1.014720,1.079068
13,1.000000000000000,1,1,3,3,.1173463665968289E-04,1,4626,.2702794747699145E-05,1,13605,1.016664,0.9150416
14,1.000000000000000,1,1,3,4,-.3010022550360141E-07,1,4626,.1003903622745466E-07,1,13262,0.9947263,0.9823882
15,1.000000000000000,1,1,4,1,-.4630324472197691E-01,1,2615,.4990401778908098,1,10685,1.000075,1.002594
16,1.000000000000000,1,1,4,2,-.5125098027848963E-03,1,13678,.3768841541265918E-02,1,10685,1.011625,1.050204
17,1.000000000000000,1,1,4,3,.4104615158817595E-05,1,4626,.5794073776742669E-05,1,13605,1.018403,0.8900192
18,1.000000000000000,1,1,5,1,-.3249375546418981E-01,1,2615,.3683602816247888,1,13681,1.000175,1.003828
19,1.000000000000000,1,1,5,2,-.3329064727254419E-03,1,13678,.2485260513096181E-02,1,10685,1.010475,1.040346
20,1.000000000000000,1,1,5,3,-.2178078835542300E-05,1,13678,.4923777723241019E-05,1,13605,1.016760,0.8794324
21,1.000000000000000,1,1,6,1,-.2761265901102905E-01,1,2615,.2387897367516290,1,13681,1.000403,1.005800
22,1.000000000000000,1,1,6,2,-.2150960960528152E-03,1,13678,.1647055179211026E-02,1,10685,1.009091,1.037082
23,1.000000000000000,1,1,6,3,-.1454541422334497E-05,1,13678,.3493924580737338E-05,1,13605,1.020397,0.8794680
24,1.000000000000000,1,1,7,1,-.5276967573857519E-01,1,2615,.1481224992484189,1,13681,1.000931,1.010535
25,1.000000000000000,1,1,7,2,-.1341098548161276E-03,1,13678,.1088148649630395E-02,1,10685,1.011672,0.9590374
26,1.000000000000000,1,1,7,3,-.2260037761318320E-05,1,1633,-.3171864461644633E-05,1,13605,1.019668,1.178629
27,1.000000000000000,1,1,8,1,-1.932614128849974,1,2615,.8607465936235101,1,11594,1.002786,1.007204
28,1.000000000000000,1,1,8,2,-.1299644390169632E-01,1,5608,.3859268328835239E-02,1,13614,1.059215,0.9492251
29,1.000000000000000,1,1,8,3,-.5259299047010181E-04,1,5608,.2661307489168796E-03,1,11521,0.6908426,1.230272
30,1.000000000000000,1,1,8,4,.3085775455892078E-05,1,5608,-.6579102695506442E-06,1,11594,1.503883,1.198724
31,1.000000000000000,1,1,9,1,-1.371583529662046,1,2117,13.87298778763678,1,14514,1.010025,1.042587
32,1.000000000000000,1,1,9,2,-.2061161948747278,1,5535,1.746085206897429,1,11521,1.231191,0.8075344
33,1.000000000000000,1,1,9,3,-.3288572753895520E-01,1,5535,.1282752543460708,1,11521,1.012072,1.491321
34,1.000000000000000,1,1,9,4,-.1775672477423774E-02,1,5535,.4040272921729222E-02,1,11521,1.136381,0.9450938
35,1.000000000000000,1,1,9,5,-.7179267048887072E-04,1,5535,.2684266603481220E-03,1,11521,1.192692,1.063882
36,1.000000000000000,1,1,9,6,-.4714380649314651E-05,1,5535,.4433144541966032E-05,1,14514,1.048973,1.315318
37,1.000000000000000,1,1,10,1,-1.055365520109968,1,1971,26.89952599019477,1,11520,1.067566,1.527191
38,1.000000000000000,1,1,10,2,-1.509631667314346,1,1971,13.08125534461254,1,11374,5.004698,0.6664467
39,1.000000000000000,1,1,10,3,-.8262424019215253,1,5243,12.28827971067433,1,11374,1.399240,2.002094
40,1.000000000000000,1,1,10,4,-1.045371800110180,1,5170,7.904260032342288,1,11228,2.857838,0.8223932
41,1.000000000000000,1,1,10,5,-.6347689465584458,1,5169,6.703277257789933,1,11156,1.683792,1.465364
42,1.000000000000000,1,1,10,6,-.6304597922289512,1,5170,3.762535185021515,1,11156,2.129724,0.9549267
43,1.000000000000000,1,1,10,7,-.3327377763204965,1,5096,2.431911844032623,1,11082,2.024415,0.8440849
44,1.000000000000000,1,1,10,8,-.2648067625626529,1,8089,1.822404221275030,1,11082,1.565325,2.318003
45,1.000000000000000,1,1,10,9,-.1352404680106455,1,5096,.8764707892766959,1,11082,1.884825,0.7100965
46,1.000000000000000,1,1,10,10,-.1118270209682123,1,5095,.7028967150991368,1,11082,1.683532,3.554870
47,1.000000000000000,1,1,10,11,-.5396539864466707E-01,1,2103,.3181784685728292,1,11154,2.034686,0.6417852
48,1.000000000000000,1,1,10,12,-.6455708800798968E-01,1,5169,.2444555196926110,1,11084,1.328736,11.20354
49,1.000000000000000,1,1,10,13,-.1525576311648325E-01,1,2177,.8045802416998775E-01,1,11083,2.192347,1.182401
50,1.000000000000000,1,1,10,14,-.3187899050703171E-01,1,8162,-.2969257487391646E-01,1,10281,12.08174,0.6140198
51,1.000000000000000,1,1,10,15,.8834510961736271E-02,1,5168,-.2038735720825817E-01,1,10065,0.1667655,21.78115
52,1.000000000000000,1,1,10,16,-.9055065641586616E-03,1,2249,.8509116064831516E-02,1,11152,2.661016,0.6917098
53,1.000000000000000,1,1,10,17,-.6656706534399429E-03,1,2174,.6968165069770694E-02,1,11090,1.697314,2.021444
54,1.000000000000000,1,1,10,18,-.4920535237121559E-03,1,5166,.3863330261615098E-02,1,11079,1.667444,1.243282
55,1.000000000000000,1,1,10,19,-.4712897617933402E-03,1,5166,.2627039882144721E-02,1,11007,2.500028,1.657588
56,1.000000000000000,1,1,10,20,-.3028785537352617E-03,1,5093,.1781380143169875E-02,1,10939,2.695593,0.6458154
57,1.000000000000000,1,1,10,21,.3200384007286849E-04,1,2112,.2049331698696436E-02,1,10938,-0.7815892,1.987604
58,1.000000000000000,1,1,10,22,-.2667348803407163E-03,1,5096,.7759382847436092E-03,1,11009,-2.794849,5.675713
59,1.000000000000000,1,1,10,23,-.1767927855025895E-03,1,5097,.4542979819383420E-03,1,10065,8.577378,0.6102984
60,1.000000000000000,1,1,10,24,.8879175287235556E-04,1,5096,.1691605025356561E-03,1,11156,0.2141236,4.258891
61,1.000000000000000,1,1,10,25,-.2047224041714023E-04,1,5170,.8476658603554039E-04,1,11084,2.720683,0.8996964
62,1.000000000000000,1,1,10,26,-.9231223406801210E-05,1,5097,.6097812774256787E-04,1,11084,1.423092,2.383040
63,1.000000000000000,1,1,11,1,-1.993234847481095,1,2544,30.57105915333928,1,11379,1.034386,0.9994429
64,1.000000000000000,1,1,11,2,-1.628630914235559,1,8459,15.13628452198629,1,11305,4.012018,0.6565078
65,1.000000000000000,1,1,11,3,-1.996472284810839,1,2331,14.46069113427908,1,11089,2.070232,2.326992
66,1.000000000000000,1,1,11,4,-2.013605402182047,1,8388,11.49407113412398,1,11087,3.106077,0.8348425
67,1.000000000000000,1,1,11,5,-1.282291505476192,1,5250,10.65433445973105,1,11087,1.720917,1.937904
68,1.000000000000000,1,1,11,6,-1.164912775885269,1,2184,6.191087977363186,1,11013,2.468604,0.7469486
69,1.000000000000000,1,1,11,7,-.7139003889134032,1,5102,5.333379897507513,1,11013,1.789898,2.299026
70,1.000000000000000,1,1,11,8,-.5599030153728296,1,5101,3.551969616629986,1,11009,2.058318,0.8333756
71,1.000000000000000,1,1,11,9,-.4126681263165534,1,8162,3.008202435082135,1,11009,2.126332,1.275904
72,1.000000000000000,1,1,11,10,-.3741645878077117,1,5096,2.396925707857196,1,11007,1.846473,1.295570
73,1.000000000000000,1,1,11,11,-.3190335644930199,1,5095,1.784994339552212,1,11007,2.092631,1.165450
74,1.000000000000000,1,1,11,12,-.2711769412522417,1,5095,1.242083544981950,1,11005,2.295017,0.8853669
75,1.000000000000000,1,1,11,13,-.1761218092181799,1,8086,.9304271277183689,1,11077,1.828386,1.358375
76,1.000000000000000,1,1,11,14,-.1672409891947866,1,5091,-.8069363298865934,1,11022,1.558734,4.703644
77,1.000000000000000,1,1,11,15,-.1233418814642362,1,5163,.5495687290914241,1,11295,3.221875,0.6388752
78,1.000000000000000,1,1,11,16,-.5245759618655016E-01,1,5309,.5783259785846335,1,11148,-0.1212739,6.629074
79,1.000000000000000,1,1,11,17,-.1080421537865939,1,5234,.3871559182219825,1,11367,-19.49787,0.8594111
80,1.000000000000000,1,1,11,18,-.6016342117607170E-01,1,5235,.3162575884358738,1,11367,2.501450,0.6989410
81,1.000000000000000,1,1,11,19,-.5785633519543507E-01,1,11294,.2526821750176049,1,11367,2.775666,0.9801255
82,1.000000000000000,1,1,11,20,-.6771350081949547E-02,1,5381,.2529652057971945,1,11294,0.7200428E-01,1.824911
83,1.000000000000000,1,1,11,21,-.7043112065747427E-01,1,11294,.1679349240561606,1,11294,28.14525,7.056831
84,1.000000000000000,1,1,11,22,-.4523358194976478E-01,1,8301,-.8891174264232608E-01,1,9911,4.421847,0.6276240
85,1.000000000000000,1,1,11,23,.4338119767393975E-01,1,3852,.8509271383049505E-01,1,11234,0.3584917,33.17843
86,1.000000000000000,1,1,11,24,-.1180534634297814E-01,1,5232,.2782878269065647E-01,1,11291,9.694397,0.6108589
87,1.000000000000000,1,1,11,25,.9626541959280790E-03,1,8225,.2896664343642045E-01,1,11290,-0.9100885,0.8428639
88,1.000000000000000,1,1,11,26,-.1359599690567235E-01,1,11291,.2939826265821448E-01,1,11094,-2.119337,15.43002
89,1.000000000000000,1,1,11,27,-.2841160158018048E-02,1,5234,.1089182420899811E-01,1,11293,1.478001,0.6314836
90,1.000000000000000,1,1,11,28,-.2352726538390022E-02,1,11292,.1016041797063711E-01,1,11165,1.827040,2.844519
91,1.000000000000000,1,1,11,29,-.2193657517212393E-02,1,11292,.8913465398498585E-02,1,11095,1.390519,5.520297
92,1.000000000000000,1,1,11,30,-.3270652722819061E-02,1,11293,-.3743089514558663E-02,1,10059,8.302742,0.6094646
93,1.000000000000000,1,1,11,31,.3040404270730965E-02,1,4073,.3413809992811537E-02,1,11085,0.3977253,55.88480
94,1.000000000000000,1,1,11,32,-.3054430206915071E-03,1,5231,.2112507496054474E-02,1,11227,6.488480,0.6100150
95,1.000000000000000,1,1,11,33,.2426642174710232E-04,1,5168,.9303564169896843E-03,1,11078,-0.6987433,0.6851732
96,1.000000000000000,1,1,11,34,-.2541139398796265E-03,1,11217,.6476323694256869E-03,1,11150,-3.362971,2.169450
97,1.000000000000000,1,1,11,35,-.1064219137362992E-03,1,8225,.3945277732352907E-03,1,11150,2.203957,0.9514544
98,1.000000000000000,1,1,11,36,-.9381582980283434E-04,1,5162,.2807883445796634E-03,1,11224,3.306744,0.9275552
99,1.000000000000000,1,1,11,37,-.5300216076148537E-04,1,5238,.3012433657845527E-03,1,11151,0.6824220,3.331825
100,1.000000000000000,1,1,11,38,.7415395824165706E-05,1,2177,.2368917220933935E-03,1,11224,0.5104059,1.846834
101,1.000000000000000,1,1,12,1,-4.228512694047071,1,864,29.18456426976537,1,9915,1.007938,0.9071446
102,1.000000000000000,1,1,12,2,-1.237770105306227,1,6850,19.34448089742460,1,11807,1.744388,0.7309055
103,1.000000000000000,1,1,12,3,-1.579055817654959,1,2901,14.83209213012419,1,11807,2.129574,1.983474
104,1.000000000000000,1,1,12,4,-1.452358249929467,1,11879,10.61083165860358,1,11659,2.897783,0.6851873
105,1.000000000000000,1,1,12,5,-1.780163966019267,1,14873,10.56748581649036,1,11587,2.047829,3.566796
106,1.000000000000000,1,1,12,6,-1.731877499633271,1,2828,7.521283364650186,1,11513,2.797464,0.7053701
107,1.000000000000000,1,1,12,7,-1.564232228907214,1,5748,7.831846687928991,1,11441,2.120076,2.644323
108,1.000000000000000,1,1,12,8,-1.965197648261933,1,5821,6.354752995071005,1,11367,2.949933,0.7393721
109,1.000000000000000,1,1,12,9,-1.445426216592044,1,8739,5.919771636365051,1,11221,2.542000,1.297496
110,1.000000000000000,1,1,12,10,-1.078773040856410,1,8592,5.359068839358112,1,11221,1.998734,0.9988198
111,1.000000000000000,1,1,12,11,-1.701385594583920,1,8300,4.718363025935305,1,11298,1.544450,14.75651
112,1.000000000000000,1,1,12,12,-10.84557521980569,1,8665,23.29575072582598,1,11308,46.61823,0.6200910
113,1.000000000000000,1,1,12,13,9.771601173741322,1,8665,2.915925103567158,1,11235,0.4779230E-01,6.914570
114,1.000000000000000,1,1,12,14,-.6338054523396194,1,8517,1.700829028393200,1,11217,4.143277,0.6889336
115,1.000000000000000,1,1,12,15,-17.82447886999446,1,8371,-16.29483587892094,1,11217,166.0302,0.6701021
116,1.000000000000000,1,1,12,16,16.91057243757078,1,8371,1.926615319248504,1,14221,0.1875379E-01,19.47229
117,1.000000000000000,1,1,12,17,-.7516042361424630,1,14503,2.168374940640628,1,14225,11.65100,0.8153478
118,1.000000000000000,1,1,12,18,.3375081799043067,1,14503,.4682503173582544,1,11652,0.2853177,1.414309
119,1.000000000000000,1,1,12,19,-.2137241879261868,1,11582,-.4364389490248380,1,9536,4.389144,0.8230228
120,1.000000000000000,1,1,12,20,-.8275022051639787E-01,1,11655,-.4125410087451324,1,9537,1.114689,3.300614
121,1.000000000000000,1,1,12,21,-.1419468554940069,1,11656,-.3888513278353901,1,9537,3.837656,0.7108106
122,1.000000000000000,1,1,12,22,.3150503443845570,1,6545,.5607220561084529,1,14221,0.5169920,54.75703
123,1.000000000000000,1,1,12,23,-.4657035917067071E-01,1,5818,.1859446065105055,1,11661,6.247274,0.6065791
124,1.000000000000000,1,1,12,24,-.2995219365804272E-01,1,2752,-.1545346734289787,1,9837,1.001919,1.666738
125,1.000000000000000,1,1,12,25,-.1027043942480558,1,2680,-.1293404588091571,1,9839,9.924131,0.6607218
126,1.000000000000000,1,1,12,26,.3386998382407114E-01,1,5819,.1620237221791710,1,14218,0.2504991,12.14579
127,1.000000000000000,1,1,12,27,-.2590985121512192E-01,1,8664,-.1085271981389551,1,9763,3.191769,1.163498
128,1.000000000000000,1,1,12,28,-.2767537520311901E-01,1,11658,.1204543259495074,1,14219,2.413610,3.897139
129,1.000000000000000,1,1,12,29,-.3681579318464759E-01,1,11658,-.7659827724974058E-01,1,9841,5.335551,0.6254488
130,1.000000000000000,1,1,12,30,.2688469543238465E-02,1,12832,.8363959091089433E-01,1,14219,0.2916043,3.134671
131,1.000000000000000,1,1,12,31,-.2882191271589745E-01,1,11658,-.5919560057012267E-01,1,9839,10.13700,1.135177
132,1.000000000000000,1,1,12,32,-.1653998559955591E-01,1,11658,.5141987386964732E-01,1,11803,2.400630,1.865476
133,1.000000000000000,1,1,12,33,-.2225952197565240E-01,1,8665,.4233888123328414E-01,1,11731,3.043946,0.7236421
134,1.000000000000000,1,1,12,34,-.7104658843914447E-02,1,2752,.6064025017076240E-01,1,11305,0.2836880,12.20608
135,1.000000000000000,1,1,12,35,-.2918901310338680E-01,1,2752,.3666683480959072E-01,1,14218,19.58239,0.6381930
136,1.000000000000000,1,1,12,36,.4496443189112115E-02,1,8665,.3722364980247705E-01,1,14220,0.4788397,3.906428
137,1.000000000000000,1,1,12,37,.6964428327586646E-01,1,2752,.9608359127215382E-01,1,14220,-40.18123,0.7414718
138,1.000000000000000,1,1,12,38,-.8601879856769711E-01,1,2752,.2101348430332991E-01,1,11732,-0.1071573,5.651045
139,1.000000000000000,1,1,12,39,-.6062651981635360E-02,1,2752,.1771886501780327E-01,1,11731,2.888601,0.6436389
140,1.000000000000000,1,1,12,40,-.9683041261023302E-02,1,2752,.1778304268987332E-01,1,14217,1.815492,6.829136
141,1.000000000000000,1,1,12,41,.1511852773685720E-01,1,2752,.2058204898208789E-01,1,11806,-12.03489,0.9346733
142,1.000000000000000,1,1,12,42,-.2389824740479753E-01,1,2752,.9444191963134379E-02,1,14218,-0.3096256,5.468380
143,1.000000000000000,1,1,12,43,-.2078095180413748E-02,1,2752,.8325805395832222E-02,1,11731,2.561394,0.6522348
144,1.000000000000000,1,1,12,44,-.2322387746955494E-02,1,2752,.7338721436711432E-02,1,11730,1.875536,3.026091
145,1.000000000000000,1,1,12,45,-.1146626357898339E-02,1,2752,.6779225272559784E-02,1,11730,1.827810,0.9053901
146,1.000000000000000,1,1,12,46,-.2359267145975439E-02,1,2752,.5735602199790460E-02,1,11730,3.645056,1.104714
147,1.000000000000000,1,1,12,47,.5767638446170307E-03,1,6152,.5631039352461440E-02,1,11730,15.77274,0.6133428
148,1.000000000000000,1,1,12,48,-.1189960789860790E-01,1,2751,.2517983639732531E-02,1,14220,0.9625866E-02,143.8566
149,1.000000000000000,1,1,12,49,-.2516038125442074E-03,1,6773,.8320308936127371E-03,1,14159,30.47693,0.9086673
150,1.000000000000000,1,1,12,50,.1224394824134821E-04,1,9389,-.7059555380074371E-03,1,9461,0.1306001,1.029279
151,1.000000000000000,1,1,12,51,.1871004283321626E-03,1,3399,-.5302043897249115E-03,1,9610,42.92447,0.7148947
152,1.000000000000000,1,1,12,52,.7596268505684505E-04,1,3552,-.4832328313061047E-03,1,9537,0.2993406,9.584345
153,1.000000000000000,1,1,12,53,.1081142867156887E-03,1,3401,-.4339960961988952E-03,1,9686,12.05083,0.6103700
154,1.000000000000000,1,1,12,54,.8483302322794147E-04,1,6543,-.3920393881618920E-03,1,9760,1.972079,8.324672
155,1.000000000000000,1,1,12,55,-.8477953001725857E-04,1,8741,-.3817662630913381E-03,1,9836,2.836201,0.8070737
156,1.000000000000000,1,1,12,56,-.6263457845908921E-04,1,8741,-.3562738801287611E-03,1,9763,2.047165,1.056291
157,1.000000000000000,1,1,12,57,.5678645326618020E-04,1,3552,-.3293950624506461E-03,1,9838,2.088814,1.299542
158,1.000000000000000,1,1,12,58,.5489862096284304E-04,1,6693,-.2994910233431910E-03,1,9838,1.835150,3.176883
159,1.000000000000000,1,1,12,59,.4992987785185993E-04,1,710,-.2718925308827744E-03,1,9839,2.240173,2.627364
160,1.000000000000000,1,1,12,60,.4260754425634721E-04,1,6697,-.2458353200034508E-03,1,9839,2.833922,0.6175360
161,1.000000000000000,1,1,12,61,.5597210305328547E-04,1,9763,-.2089908856309185E-03,1,9839,3.491952,1.339422
162,1.000000000000000,1,1,12,62,-.8584702676365328E-04,1,9765,-.2723808352184522E-03,1,9839,-11.22308,0.6196232
163,1.000000000000000,1,1,12,63,.1746933701401778E-03,1,6773,-.2643929852963056E-03,1,14301,0.6154883E-01,32.79862
164,1.000000000000000,1,1,12,64,.6693593340042340E-04,1,6773,-.8737439484770724E-04,1,9841,-3.947582,0.8172322
165,1.000000000000000,1,1,12,65,-.6140861294939237E-06,1,6619,-.8741034850165365E-04,1,9841,-0.6405653,1.166009
166,1.000000000000000,1,1,13,1,-2.744917554577844,1,2616,22.90253684319108,1,11521,1.005462,0.9637589
167,1.000000000000000,1,1,13,2,-.9107289436786226,1,11595,13.39452641501995,1,11521,1.521997,0.7503465
168,1.000000000000000,1,1,13,3,-.7876460256978361,1,14588,8.083414555716528,1,11521,1.480302,2.020515
169,1.000000000000000,1,1,13,4,-.4488945426887364,1,14588,5.020228651685235,1,11521,2.124327,0.7267257
170,1.000000000000000,1,1,13,5,-.4727815465013673,1,2615,3.657512500559826,1,11521,1.742016,2.978578
171,1.000000000000000,1,1,13,6,-.3901919695372414,1,5608,2.506075528655397,1,11664,2.615497,0.7436257
172,1.000000000000000,1,1,13,7,-.4421803573667233,1,8600,1.932762972150307,1,11736,2.328194,2.596577
173,1.000000000000000,1,1,13,8,-.6998936570232263,1,2614,1.635518073770432,1,11369,3.438972,0.7732927
174,1.000000000000000,1,1,13,9,-.8810794548705212,1,8672,1.733048918653088,1,11295,2.906652,2.461477
175,1.000000000000000,1,1,13,10,-.9925978973657974,1,2686,-2.276400681601243,1,11521,2.437495,0.9994186
176,1.000000000000000,1,1,13,11,-.6002794165138211,1,11737,-2.667188523986423,1,11521,2.168741,1.583723
177,1.000000000000000,1,1,13,12,-.2110426308742700,1,11442,-2.446073278029548,1,11521,1.618999,1.186346
178,1.000000000000000,1,1,13,13,-.1179082863557623,1,8229,-2.101918107001122,1,11521,1.501029,1.699738
179,1.000000000000000,1,1,13,14,.1648102760141135,1,14588,-1.770364901914488,1,11522,0.7283436,5.108065
180,1.000000000000000,1,1,13,15,-.1545003740328301E-01,1,11595,-1.477850192862937,1,11593,-1.416257,0.6533582
181,1.000000000000000,1,1,13,16,.4073166302355077E-01,1,8600,-1.371603741268355,1,11522,-0.4070322,1.989611
182,1.000000000000000,1,1,13,17,.5189474378649030,1,14659,.3872187449684455,1,11070,57.21131,0.9340783
183,1.000000000000000,1,1,13,18,-.1759328093356587,1,14659,.5911837249977174,1,9149,1.539185,2.918932
184,1.000000000000000,1,1,13,19,-.1535524543149702E-01,1,8600,.5360622511137042,1,11145,2.276578,0.6695557
185,1.000000000000000,1,1,13,20,-.3695780757552676,1,14659,-1.171940065300273,1,11521,19.69973,0.9999684
186,1.000000000000000,1,1,13,21,.4885054814871071,1,8600,.4217740188399304,1,9216,0.1028525,21.36837
187,1.000000000000000,1,1,13,22,.1323722233470730,1,11581,.5734170740488282,1,9219,-18.12142,0.6207262
188,1.000000000000000,1,1,13,23,-.2788807721246568,1,11654,.3332973569336362,1,9148,-0.5346027,8.641755
189,1.000000000000000,1,1,13,24,-.7484197124151820E-01,1,11727,.1564618276144811,1,9148,2.943164,0.6310374
190,1.000000000000000,1,1,13,25,-.1065523413317147,1,11727,.6136808904200634E-01,1,11797,1.615146,1.050801
191,1.000000000000000,1,1,13,26,-.3145472960168480E-01,1,11799,.4331811868956782E-01,1,11796,2.475704,1.128954
192,1.000000000000000,1,1,13,27,-.4610061027171489E-01,1,11799,-.6019359425467455E-01,1,9148,1.883370,3.549312
193,1.000000000000000,1,1,13,28,.1961196498873782E-01,1,11727,-.3945705761703811E-01,1,9612,0.7937157,2.393936
194,1.000000000000000,1,1,13,29,-.2466855137148122E-02,1,11871,-.3807953662424629E-01,1,9686,0.9951302,1.252392
195,1.000000000000000,1,1,13,30,-.2827152161209046E-02,1,11869,-.3909629157333631E-01,1,9688,1.771715,2.995556
196,1.000000000000000,1,1,13,31,.8529663878572698E-03,1,6695,-.3400180464893721E-01,1,9688,1.499358,0.7614359
197,1.000000000000000,1,1,13,32,-.5491924266914765E-02,1,6694,-.3994303681705281E-01,1,9687,-7.295389,1.192825
198,1.000000000000000,1,1,13,33,-.3845854707615044E-01,1,6621,-.7487508282486466E-01,1,9687,7.956699,0.7294300
199,1.000000000000000,1,1,13,34,.6390325130856282E-01,1,6621,-.1699336920449299E-01,1,9687,-0.4547401,24.53574
200,1.000000000000000,1,1,13,35,-.9737707451708224E-04,1,2212,-.1544479022380294E-01,1,9687,-0.9788421,0.6172154
201,1.000000000000000,1,1,13,36,-.6996766856901240E-03,1,11799,-.1580463160032322E-01,1,9688,-2.929831,2.050793
202,1.000000000000000,1,1,13,37,.5814621887033492E-02,1,6696,.2330752263722089E-01,1,9223,0.8561857,25.93864
203,1.000000000000000,1,1,13,38,.1805472359003791E-01,1,11871,.8381834952965139E-01,1,9148,-94.82474,0.6676778
204,1.000000000000000,1,1,13,39,-.2188324651603919E-01,1,11871,-.9405490840528030E-02,1,9841,-0.1191685,4.401017
205,1.000000000000000,1,1,13,40,.4821126303285512E-02,1,11871,-.1140039065814311E-01,1,9762,-9.937422,0.6720415
206,1.000000000000000,1,1,13,41,-.1236353314669312E-01,1,11871,-.4200355121952790E-02,1,9840,-1.227038,1.363181
207,1.000000000000000,1,1,13,42,.3719261677729511E-03,1,11871,-.4127307355458848E-02,1,9840,-1.297177,0.6862160
208,1.000000000000000,1,1,13,43,.5447986738323475E-02,1,9767,-.2162429851239670E-02,1,11192,-1.792336,82.85586
209,1.000000000000000,1,1,13,44,-.1880847699075038E-03,1,11660,.1171561581703611E-02,1,11585,1.288385,0.6116570
210,1.000000000000000,1,1,13,45,-.1375858398208498E-03,1,11585,.1078673040943971E-02,1,11658,1.208565,4.809940
211,1.000000000000000,1,1,13,46,-.9831100934782128E-04,1,11732,.1029262670588417E-02,1,11732,1.264893,3.255636
212,1.000000000000000,1,1,13,47,-.3199836391234065E-04,1,11732,.1013673731465035E-02,1,11732,2.189792,0.7634983
213,1.000000000000000,1,1,13,48,-.4664002455198629E-02,1,11732,-.1855251150737172E-02,1,11438,155.8777,0.6820459
214,1.000000000000000,1,1,13,49,.8532066726608532E-02,1,11805,.2884923595789835E-02,1,11805,-0.3496826,13.82328
215,1.000000000000000,1,1,13,50,-.4297733170005090E-02,1,11806,.8169891284968202E-03,1,11806,-0.3811539,1.863350
216,1.000000000000000,1,1,13,51,-.5122064316313858E-04,1,11806,.7931399432193874E-03,1,11806,0.4355203,3.363742
217,1.000000000000000,1,1,13,52,-.4553003776519237E-04,1,11806,.7741026423818559E-03,1,11806,14.24005,0.6451956
218,1.000000000000000,1,1,13,53,-.2268724842513367E-03,1,11806,.6705381200631917E-03,1,11806,0.2833064,19.66055
219,1.000000000000000,1,1,13,54,-.2444818243418447E-03,1,11806,.5632309672786658E-03,1,11733,39.23123,0.6183700
220,1.000000000000000,1,1,13,55,-.1585065368305034E-03,1,11806,.4925735622093998E-03,1,11806,1.053872,3.462084
221,1.000000000000000,1,1,13,56,.1238479982669471E-02,1,11806,-.1109147086844825E-02,1,9839,-23.30758,0.8003584
222,1.000000000000000,1,1,13,57,-.1646946588068972E-02,1,11806,.3100344332939579E-03,1,11806,-0.3177425,1.234669
223,1.000000000000000,1,1,13,58,-.7421605785177568E-04,1,11806,.2773324124917186E-03,1,11805,0.9319086,4.349458
224,1.000000000000000,1,1,13,59,-.1777662649755485E-03,1,11806,.1988394454736462E-03,1,11806,7.119071,0.7707777
225,1.000000000000000,1,1,13,60,.2136461855409799E-04,1,11806,.2083899756247289E-03,1,11806,1.335566,3.036903
226,1.000000000000000,1,1,13,61,-.1860092460415373E-04,1,11806,.2001945440918133E-03,1,11806,0.4712346,2.194310
227,1.000000000000000,1,1,13,62,-.9422783598301681E-04,1,11806,.1587615010012578E-03,1,11806,11.76776,0.7160230
228,1.000000000000000,1,1,13,63,-.3977749698987000E-04,1,11806,-.1843603318264430E-03,1,9839,0.3933703,18.49146
229,1.000000000000000,1,1,13,64,-.6798366988558063E-04,1,11806,.1115553924600154E-03,1,11806,10.83105,0.6637743
230,1.000000000000000,1,1,13,65,-.1115234481349983E-03,1,11806,.6269077948639599E-04,1,11806,6.710898,0.6533001
231,1.000000000000000,1,1,13,66,.4119232093891959E-04,1,11806,.8263596880610784E-04,1,9915,0.2153726,8.804661
232,1.000000000000000,1,1,13,67,-.1666416329835050E-04,1,11806,.7342006783791349E-04,1,11806,1.951006,1.221444
233,1.000000000000000,1,1,13,68,-.3573928634700306E-04,1,11806,.5775514818390386E-04,1,11806,5.599428,0.8590495
234,1.000000000000000,1,1,13,69,-.3052205235754282E-04,1,11806,.4982116598740907E-04,1,10459,0.6147473,43.98229
235,1.000000000000000,1,1,13,70,-.3119675651815134E-06,1,1480,.4438150147557808E-04,1,11806,-0.5174093,0.6203422
236,1.000000000000000,1,1,14,1,-.7563920478491742,1,1033,9.024388844122182,1,9939,1.013123,1.065594
237,1.000000000000000,1,1,14,2,-.2611785881895430,1,3953,3.577532771871880,1,9938,1.843633,0.7143997
238,1.000000000000000,1,1,14,3,-.1993170328654272,1,3952,1.674466269305538,1,9938,1.525767,1.897292
239,1.000000000000000,1,1,14,4,-.1262758480918206,1,3952,.9777931146320171,1,11252,2.430567,0.7090112
240,1.000000000000000,1,1,14,5,-.9504131948238939E-01,1,886,.7434979212966443,1,11252,1.822089,2.044041
241,1.000000000000000,1,1,14,6,-.8328740475312375E-01,1,3878,.6058466052999159,1,9643,2.321987,0.8341384
242,1.000000000000000,1,1,14,7,-.6664632731431056E-01,1,5265,.5855378194185117,1,9714,2.012238,1.868603
243,1.000000000000000,1,1,14,8,-.7148769670970470E-01,1,6724,.5760591647496134,1,9714,2.382346,0.9070035
244,1.000000000000000,1,1,14,9,-.9616314799997132E-01,1,6649,.4861281807221203,1,9714,3.200127,0.8826657
245,1.000000000000000,1,1,14,10,-.1023942247742368,1,6648,.4247472280817642,1,9284,3.017781,0.8615199
246,1.000000000000000,1,1,14,11,-.1161936295438972,1,6289,.3488155652107446,1,10587,0.9797468,14.11595
247,1.000000000000000,1,1,14,12,.1970710298214362,1,9642,.6651815511330641,1,9687,-9.347751,0.6422367
248,1.000000000000000,1,1,14,13,-.2925230056772684,1,9642,.2893234308479883,1,10514,-0.2492221,3.821220
249,1.000000000000000,1,1,14,14,-.7090178582702984E-01,1,10221,.2616997344147339,1,10441,4.335881,1.271963
250,1.000000000000000,1,1,14,15,-.5870118931380783E-01,1,10367,.2360327489809855,1,10441,2.810475,0.7086301
251,1.000000000000000,1,1,14,16,-.6638263454218936E-01,1,10367,.2020065855920210,1,10514,2.025203,3.705819
252,1.000000000000000,1,1,14,17,-.7962072443621916E-01,1,10367,.1621890943785040,1,10514,2.358498,1.296682
253,1.000000000000000,1,1,14,18,-.9243232292154732E-01,1,10367,.1145721640861967,1,10587,3.038172,0.7360301
254,1.000000000000000,1,1,14,19,-.1147281156936837E-01,1,7593,.1028565715125058,1,10587,0.1339692,6.791851
255,1.000000000000000,1,1,14,20,-.5849834300663025E-01,1,10440,.7001347584501193E-01,1,10587,21.16593,0.7909525
256,1.000000000000000,1,1,14,21,-.3306637902107237E-01,1,10440,.5327714075759484E-01,1,9224,2.357539,0.8859239
257,1.000000000000000,1,1,14,22,-.3065356815444139E-01,1,10513,-.4784358564662021E-01,1,11481,1.949834,2.061251
258,1.000000000000000,1,1,14,23,.3731480241524830E-03,1,6361,-.4723725561710885E-01,1,11480,-0.2811341,0.7586265
259,1.000000000000000,1,1,14,24,-.4341259028733739E-01,1,9151,.1846930715219898E-01,1,9284,-7.427419,53.89087
260,1.000000000000000,1,1,14,25,-.4138402396738288E-01,1,10586,-.2333490036070458E-01,1,9914,25.78499,0.6181696
261,1.000000000000000,1,1,14,26,.2834403825101728E-01,1,10513,-.1108726401186702E-01,1,9836,0.1497154,18.61781
262,1.000000000000000,1,1,14,27,-.7595976938982853E-02,1,10513,-.8048831345328536E-02,1,9839,8.413610,0.6207091
263,1.000000000000000,1,1,14,28,.1299414502664066E-02,1,10513,.7612581286806668E-02,1,9149,0.4211040,2.178962
264,1.000000000000000,1,1,14,29,-.3280361566737698E-02,1,10440,.5981153675447663E-02,1,9148,5.470454,0.6455924
265,1.000000000000000,1,1,14,30,-.2579981315959266E-02,1,12068,.5783400402914756E-02,1,9149,1.133640,16.72824
266,1.000000000000000,1,1,14,31,-.1501278995749430E-02,1,10440,.3987221828750776E-02,1,9148,2.916941,0.7844318
267,1.000000000000000,1,1,14,32,-.9707940651592545E-03,1,9145,.3433707634544828E-02,1,9148,1.969617,2.282760
268,1.000000000000000,1,1,14,33,.1075543357588251E-02,1,9075,.4196818061464630E-02,1,9149,-5.317462,0.6617830
269,1.000000000000000,1,1,14,34,-.4621454187474621E-02,1,12068,-.6593323769018585E-02,1,12142,-0.4149621,60.11554
270,1.000000000000000,1,1,14,35,-.5304439052003622E-03,1,9212,.6757995354888410E-02,1,12142,6.642619,0.8533259
271,1.000000000000000,1,1,14,36,.5302428989049566E-04,1,12204,.1703045716462569E-02,1,9149,0.5187632,1.575313
272,1.000000000000000,1,1,14,37,-.1899721349381374E-03,1,6148,.1120639445872513E-02,1,9217,4.702073,0.6120213
273,1.000000000000000,1,1,14,38,-.2607234881809519E-03,1,12210,.2061421606138454E-02,1,9149,1.036493,8.977515
274,1.000000000000000,1,1,14,39,.1955444051955741E-03,1,12139,.1047691450779101E-02,1,9217,-7.173983,1.068830
275,1.000000000000000,1,1,14,40,-.6369891851038303E-03,1,12068,.8535507779873104E-03,1,9300,-0.9216543,15.28647
276,1.000000000000000,1,1,14,41,.1048279633828001E-04,1,6229,.7902688606644945E-03,1,9293,-0.8874720,0.6757126
277,1.000000000000000,1,1,14,42,-.2155802714313506E-03,1,12213,.6012779431206261E-03,1,9149,-6.169463,1.461934
278,1.000000000000000,1,1,14,43,-.1181454056106305E-03,1,9147,.5484319758693964E-03,1,9148,2.097664,0.6876649
279,1.000000000000000,1,1,14,44,-.1742177316071898E-03,1,12068,.4762099398502502E-03,1,9149,3.499040,1.003691
280,1.000000000000000,1,1,14,45,-.1310245711803533E-03,1,9075,.4064053866414976E-03,1,9148,1.631779,1.737781
281,1.000000000000000,1,1,14,46,-.2223434515043708E-03,1,9075,.3185315340256646E-03,1,9439,1.533821,25.26745
282,1.000000000000000,1,1,14,47,-.1663606139876072E-03,1,9146,-.2429434906760633E-03,1,11806,2.914526,0.6101518
283,1.000000000000000,1,1,14,48,.1108700998468503E-04,1,6370,-.2312265434849993E-03,1,11806,0.3489921,4.907285
284,1.000000000000000,1,1,14,49,-.1368628466382060E-03,1,9075,-.1754843550937606E-03,1,11806,7.921607,0.7900333
285,1.000000000000000,1,1,14,50,.1163393892642444E-04,1,11880,-.1699686894470061E-03,1,11804,0.8008871E-01,4.268229
286,1.000000000000000,1,1,14,51,.8382645037359177E-04,1,14873,-.1324426153276186E-03,1,11804,41.47961,2.020509
287,1.000000000000000,1,1,14,52,.4032643114321465E-04,1,14873,-.1147345907269129E-03,1,11804,2.700003,0.9299993
288,1.000000000000000,1,1,14,53,.3796655769872504E-04,1,14873,-.9827531996632980E-04,1,11804,2.274395,2.069621
289,1.000000000000000,1,1,14,54,.2287623331115473E-04,1,14873,-.8829879821637122E-04,1,11804,2.028361,0.9060709
290,1.000000000000000,1,1,14,55,.2153536603174903E-04,1,14873,-.7896055669204827E-04,1,11804,2.256760,1.966450
291,1.000000000000000,1,1,14,56,-.4676414966651114E-05,1,14873,-.8095844828204426E-04,1,11804,-1.795121,0.6749398
292,1.000000000000000,1,1,15,1,-.3560668333113776,1,692,3.907065594622158,1,12592,1.001173,0.8743255
293,1.000000000000000,1,1,15,2,-.5647760034757373E-01,1,12592,1.288123785283318,1,11036,1.264172,0.8216588
294,1.000000000000000,1,1,15,3,-.6047482016838825E-01,1,5050,.6018610759915147,1,11036,1.953329,1.367998
295,1.000000000000000,1,1,15,4,-.3803437432320685E-01,1,5122,.3651020945353720,1,11252,2.147700,0.7582318
296,1.000000000000000,1,1,15,5,-.3973557556648851E-01,1,2274,.3203748644296318,1,11254,1.835794,3.016913
297,1.000000000000000,1,1,15,6,-.3355119328061907E-01,1,5340,.2423953431451277,1,11252,2.603175,0.7226332
298,1.000000000000000,1,1,15,7,-.4167488626337460E-01,1,5339,.1951622729708693,1,11402,2.099889,2.824699
299,1.000000000000000,1,1,15,8,-.3991746213773995E-01,1,5339,.1550427945816957,1,11102,2.635519,0.7195050
300,1.000000000000000,1,1,15,9,-.3302537279089340E-01,1,5339,.1202685231233100,1,11102,2.118902,3.429148
301,1.000000000000000,1,1,15,10,-.2635405899306593E-01,1,8332,.1083216423985907,1,10954,2.136673,0.8286512
302,1.000000000000000,1,1,15,11,-.1882354569915867E-01,1,8183,.9991640717347886E-01,1,10953,2.162416,2.153966
303,1.000000000000000,1,1,15,12,-.1621553142168948E-01,1,8182,.9156642790967449E-01,1,10953,2.104935,0.9461626
304,1.000000000000000,1,1,15,13,-.1544427399348365E-01,1,8108,.8439769102996693E-01,1,10806,2.462455,1.258569
305,1.000000000000000,1,1,15,14,-.1342635343953099E-01,1,8033,.7726848961784383E-01,1,10733,2.054877,1.150015
306,1.000000000000000,1,1,15,15,-.1475830722675751E-01,1,7960,.6887701184342881E-01,1,10660,2.489106,1.117192
307,1.000000000000000,1,1,15,16,-.1326558984782224E-01,1,7959,.6103705943483385E-01,1,10587,2.227703,1.137686
308,1.000000000000000,1,1,15,17,-.1339141814327177E-01,1,7813,.5326315566217239E-01,1,10441,2.068004,1.926727
309,1.000000000000000,1,1,15,18,-.1340337181201817E-01,1,7812,.4798166343867254E-01,1,10368,2.519613,0.9475850
310,1.000000000000000,1,1,15,19,-.1275121675726633E-01,1,10732,.4315843715282740E-01,1,10222,3.007402,0.8560246
311,1.000000000000000,1,1,15,20,.3831627013194761E-02,1,10659,.4505722701010728E-01,1,10295,-1.981135,0.7451064
312,1.000000000000000,1,1,15,21,-.3660136672561348E-01,1,7228,.2193856070877644E-01,1,10806,-1.449368,40.94005
313,1.000000000000000,1,1,15,22,-.5263893416620787E-02,1,7959,.1927893208479172E-01,1,10733,2.950901,0.6152846
314,1.000000000000000,1,1,15,23,-.7923640074568934E-02,1,7739,.1258700381434378E-01,1,10149,1.217642,16.26375
315,1.000000000000000,1,1,15,24,-.3980954812383829,1,10440,-.1940555077994549,1,10222,328.4476,0.6691167
316,1.000000000000000,1,1,15,25,.3900688880755641,1,10440,.8610124222122591E-02,1,10149,0.1090332E-01,10.57752
317,1.000000000000000,1,1,15,26,-.2482986985246383E-02,1,10586,.7787062584818561E-02,1,10222,2.073570,0.6387358
318,1.000000000000000,1,1,15,27,-.5394442617601606E-02,1,10221,.5506405292167550E-02,1,10006,2.041501,20.50235
319,1.000000000000000,1,1,15,28,-.3398984593783325E-02,1,10586,.4343567771871102E-02,1,9932,4.216020,0.6236333
320,1.000000000000000,1,1,15,29,.3271406006029799E-01,1,10513,.2152909902106349E-01,1,10587,-52.85792,0.7757275
321,1.000000000000000,1,1,15,30,-.3694744038514205E-01,1,10513,.2669455222617910E-02,1,9571,-0.6873372E-01,9.455236
322,1.000000000000000,1,1,15,31,-.1265429755195618E-02,1,10294,.2243081472622214E-02,1,9499,2.678126,0.6299183
323,1.000000000000000,1,1,15,32,-.1395065454067139E-02,1,10003,.1892731649089605E-02,1,9285,1.340023,16.17107
324,1.000000000000000,1,1,15,33,-.1247305042089398E-02,1,10221,.1501416364983180E-02,1,9214,4.876470,1.170865
325,1.000000000000000,1,1,15,34,-.1900246913035163E-03,1,234,.1291799101148105E-02,1,9215,0.7765065,6.899929
326,1.000000000000000,1,1,15,35,.4106634582821955E-04,1,10148,.1299231193257068E-02,1,9215,-0.4462619,0.6627630
327,1.000000000000000,1,1,15,36,-.7417930650134737E-03,1,10148,.1095584862882890E-02,1,9149,-12.39145,2.473455
328,1.000000000000000,1,1,15,37,-.1290359979030501E-04,1,3089,.1045728970225697E-02,1,9214,-0.7182989E-01,0.8834180
329,1.000000000000000,1,1,15,38,-.3262234139193703E-03,1,9211,.9664381839519315E-03,1,9148,-40.38959,3.697013
330,1.000000000000000,1,1,15,39,-.1019292349554792E-03,1,9211,.8518351971527378E-03,1,9215,1.633416,0.6913894
331,1.000000000000000,1,1,15,40,-.2075944373209350E-03,1,9212,.7568477370577896E-03,1,9216,3.485124,1.543095
332,1.000000000000000,1,1,15,41,-.1830407320474165E-03,1,9141,.6726364953907584E-03,1,9217,4.183278,0.6233010
333,1.000000000000000,1,1,15,42,-.8961108933097635E-03,1,9144,-.4929686103517190E-03,1,11048,0.6452478,87.18679
334,1.000000000000000,1,1,15,43,-.3001633185389144E-05,1,2070,.2609165128559053E-03,1,9149,-0.4167856,0.6120121
335,1.000000000000000,1,1,16,1,-.2731149047723293E-01,1,1744,.2619986209216916,1,13788,1.002140,0.9133783
336,1.000000000000000,1,1,16,2,-.3716149232887270E-02,1,13788,.7893168288286211E-01,1,10795,1.185671,0.8774343
337,1.000000000000000,1,1,16,3,-.2700043510843871E-02,1,4809,.2734188373246832E-01,1,10869,1.522876,1.737297
338,1.000000000000000,1,1,16,4,-.1049483825380362E-02,1,4883,.1236378029271928E-01,1,10941,2.078203,0.7014699
339,1.000000000000000,1,1,16,5,-.1099416742333987E-02,1,7948,.6999560180246338E-02,1,10941,1.458704,4.773744
340,1.000000000000000,1,1,16,6,-.4122982958020864E-03,1,7948,.3383230286724572E-02,1,11087,2.514474,0.6579366
341,1.000000000000000,1,1,16,7,-.3545046851038714E-03,1,8021,.2838175562288506E-02,1,11235,1.723111,3.346760
342,1.000000000000000,1,1,16,8,-.2555791434900203E-03,1,8094,.2523317829367613E-02,1,11308,1.979557,0.9578083
343,1.000000000000000,1,1,16,9,-.2467318580815678E-03,1,8316,.2245042195668611E-02,1,11308,2.464282,1.026542
344,1.000000000000000,1,1,16,10,-.2352397696935559E-03,1,8316,.1908893997200327E-02,1,11308,1.728492,1.745372
345,1.000000000000000,1,1,16,11,-.3487109252927195E-03,1,8316,.1402880450818451E-02,1,11308,2.771354,1.572563
346,1.000000000000000,1,1,16,12,-.5031583965318273E-03,1,8316,.1044584177677072E-02,1,11522,4.691172,0.6453059
347,1.000000000000000,1,1,16,13,-.1648652454669977E-03,1,11595,.6625072982899812E-03,1,11522,0.1445482,10.70332
348,1.000000000000000,1,1,16,14,-.4983750245968003E-05,1,8388,.6548178867116012E-03,1,11522,0.2579304,0.6299339
349,1.000000000000000,1,1,17,1,-.4090584256412560E-03,1,1744,.3936627187225912E-02,1,13788,1.007456,0.9038075
350,1.000000000000000,1,1,17,2,-.8548264505152692E-04,1,13788,.9650970062642901E-03,1,10869,2.427274,0.6878435
351,1.000000000000000,1,1,17,3,-.1213460453958617E-03,1,1889,-.1027758304704811E-02,1,13861,3.435919,1.922344
352,1.000000000000000,1,1,17,4,-.2487520952341505E-03,1,11523,-.1739550045380654E-02,1,10796,5.363847,1.132202
353,1.000000000000000,1,1,17,5,-.1847870882835131E-03,1,11523,-.1506251179543214E-02,1,10868,1.669279,1.943780
354,1.000000000000000,1,1,17,6,-.1474979238952334E-03,1,11523,-.8421833173775590E-03,1,10868,2.373712,0.8940567
355,1.000000000000000,1,1,17,7,-.5070616580945303E-04,1,11380,-.5137698398088018E-03,1,10868,1.938403,1.003590
356,1.000000000000000,1,1,17,8,-.3594299243920830E-04,1,5394,-.3213854441916298E-03,1,10940,1.493946,3.952616
357,1.000000000000000,1,1,17,9,-.2752217370567169E-04,1,11452,.1467152518280757E-03,1,11802,3.895740,0.6435893
358,1.000000000000000,1,1,17,10,-.5942375695336037E-05,1,8882,.1379446880824645E-03,1,11802,-0.6669565,3.785067
359,1.000000000000000,1,1,18,1,-.2573126410699427E-04,1,8882,-.1490868373832675E-03,1,11234,12.15071,0.6216956
360,1.000000000000000,1,1,18,2,-.1264020387832164E-03,1,2896,.1595374740517512E-03,1,11013,3.893789,1.067119
361,1.000000000000000,1,1,18,3,-.1833127506119369E-04,1,11737,.1701413708645516E-03,1,11087,1.057947,7.421091
362,1.000000000000000,1,1,18,4,-.2121955455095893E-04,1,11880,.1209964229032127E-03,1,11158,10.26471,0.7942547
363,1.000000000000000,1,1,18,5,-.1071514257073296E-04,1,4605,.8254426047656506E-04,1,11304,1.127116,2.280798
364,1.000000000000000,1,1,18,6,-.6732761163971596E-05,1,10806,.7547453902481020E-04,1,11308,2.741570,1.028485
365,1.000000000000000,1,1,19,1,-.4077756152923893E-04,1,11452,.1107942889946185E-03,1,13931,37.12347,0.6748215
366,1.000000000000000,1,1,19,2,-.2888329979454927E-04,1,8388,.8188224400424740E-04,1,10867,1.200749,1.931335
367,1.000000000000000,1,1,19,3,-.4065487846675310E-05,1,7948,.5436367875366264E-04,1,10868,1.841376,1.010781
